Category,Name,Brand,Price,Old_Price,Rating,Discount
phones-tablets,Ace Elec 20000 MAh Utra Slim Portable Power Bank [Type C Dual input and Output],Ace,6908.0,6908.0,3.7,0.0
phones-tablets,EASYPIE EasyPie 20000mAh Dual Fast Charge 64W Type-C And Micro-USB Portable Power Bank,EASYPIE,6960.0,8618.0,3.6,19.24
phones-tablets,Philly 20000mAh Power Charging Bank Portable Charger Ultra Slim,Philly,6946.0,12971.0,3.6,46.45
phones-tablets,VIC ♛20000mAh Power Banks 74Wh Portable Charger Ultra Slim Battery Pack( Type C Input),VIC,4910.0,18830.0,3.4,73.92
phones-tablets,Oraimo Traveler 12 20000mAh 12W Power Bank,Oraimo,13635.0,22469.0,4.0,39.32
phones-tablets,Philly 20000mAh Power Charging Bank  Type-C Input,Philly,7650.0,14893.0,3.5,48.63
phones-tablets,"Sunelan S7 1.8"" Screen Phone, Dual SIM, Game, Camera  BL 5C_Battery - Black",Sunelan,6846.0,6846.0,3.8,0.0
phones-tablets,Ace Elec 50000 MAh Power Banks With LED Light Portable Super Fast Charger,Ace,21795.0,21795.0,3.5,0.0
phones-tablets,Philly 30000mAh Power Charging Bank,Philly,13950.0,34570.0,3.5,59.65
phones-tablets,itel 20000mAh Dual Output Fast Charging Power Bank,itel,14950.0,20000.0,3.9,25.25
phones-tablets,"Sunelan S8 1.8"" Screen Phone, Dual SIM, Game, Camera  BL 5C_Battery - Black",Sunelan,6995.0,6995.0,3.9,0.0
phones-tablets,GDTINA 30000mAh Power-Banks Fast Charging  -LED Display Detachable Built-in Cables -LED Light Flashlight,GDTINA,13509.0,47400.0,3.9,71.5
phones-tablets,Philly 30000 MAh Large Capacity Portable Power Bank With LED Lights,Philly,14990.0,34570.0,3.7,56.64
phones-tablets,itel PowerPulse A1160 20000mAh Power-Bank,itel,14800.0,17020.0,3.9,13.04
phones-tablets,Ace Elec Power Banks 10000 MAh Utra Slim Portable Fast Charger,Ace,4898.0,18960.0,3.7,74.17
phones-tablets,itel TWS BUDSNEO 3 Earbuds Earpods BUDS NEO 3 100Hours ENC Black,itel,13800.0,15870.0,4.3,13.04
phones-tablets,XIAOMI REDMI A5 -  6.88   4GB RAM/128GB ROM  -- BLACK,XIAOMI,106685.0,106685.0,4.1,0.0
phones-tablets,Ace Elec 50000 MAh Power Banks With LED Light Portable Super Fast Charger,Ace,21886.0,44640.0,3.6,50.97
phones-tablets,"itel 2165 Wireless FM, Torch, Dual SIM Phone + 24 Month Warranty",itel,9500.0,18000.0,3.9,47.22
phones-tablets,Philly 20000mAh 2.1A Fast Power Banks  For All Phones-Black,Philly,6946.0,12971.0,3.7,46.45
phones-tablets,"itel PowerPulse 20000mAh 12W Fast Charging, Torch Power Bank",itel,14450.0,20000.0,3.9,27.75
phones-tablets,Full Touch Screen Smart Bluetooth Call Smartwatch - For Android and iOS - Black,Full,6642.0,34782.0,3.2,80.9
phones-tablets,VANIR VANIR Wireless In-ear Earbuds With Noise Cancellation,VANIR,10850.0,23390.0,3.9,53.61
phones-tablets,VIC 20000mAh Power Banks Portable Charger Ultra Slim Battery Pack( Type C Input),VIC,6451.0,18960.0,3.5,65.98
phones-tablets,EasyPie 30000mAh Dual Fast Charge  Type-C And Micro-USB Portable Power Bank,EasyPie,11373.0,13430.0,4.0,15.32
phones-tablets,Oraimo Traveler 12 Byte power bank 20000mAh Large Power Display 12W Charging Portable Fast,Oraimo,13485.0,27900.0,4.2,51.67
phones-tablets,Ace Elec  20000 MAh Ultra Slim Portable Power Bank,Ace,7347.0,14220.0,3.7,48.33
phones-tablets,"Sunelan S7 1.8"" Screen Phone, Dual SIM, Game, Camera  BL 5C_Battery - Black&Red",Sunelan,6846.0,6846.0,3.9,0.0
phones-tablets,RichRipple 20000mAh Small Size Unique Design  2A Fast Charger with 2-in-2-out Fast Charging Power Bank,RichRipple,7168.0,12261.0,3.9,41.54
phones-tablets,Ace Elec 66W Power Banks 20000 MAh  Portable Super Fast Charger,Ace,11990.0,13412.0,3.7,10.6
phones-tablets,Bluetooth Selfie Stick Tripod + Fill Light +Shutter Remote,Bluetooth,3584.0,5988.0,3.6,40.15
phones-tablets,EAGEAT Two-in-one T55 Smart Watch Bluetooth Headset,EAGEAT,9758.0,22452.0,3.2,56.54
phones-tablets,Philly 30000mAh 66W Super Fast Charge Power banks,Philly,15500.0,33914.0,3.7,54.3
phones-tablets,PHILLY 50W Iphone Type-c To Lighting  Fast  Charger,PHILLY,3799.0,11077.0,4.0,65.7
phones-tablets,Philly 50000 MAh Power Charging Bank,Philly,23950.0,40703.0,3.6,41.16
phones-tablets,"Sunelan S8 1.8"" Screen Phone, Dual SIM, Game, Camera  BL 5C_Battery - Black Red.",Sunelan,6995.0,6995.0,3.9,0.0
phones-tablets,"Nokia 105_African Edition,1.77"",4MB/4MB,800MAh, Dual Sim- Charcoal",Nokia,12000.0,12000.0,4.0,0.0
phones-tablets,Ace Elec 20000mAh  Pøwer Bank LED Strong Light Flashligh,Ace,10800.0,50000.0,3.7,78.4
phones-tablets,Guixia Air31 Wireless Bluetooth 5.3 In Ear Transparent Earphones,Guixia,3698.0,15784.0,3.4,76.57
phones-tablets,"Guixia GUIXIA T528mini Feature Phone, Supports Bluetooth MP3，Wireless FM, Torch, Dual SIM Phone black，800MAh",Guixia,7740.0,16400.0,3.6,52.8
phones-tablets,Oraimo Watch 5 Litev 2.01'' AMOLED Screen Smart Watch,Oraimo,16248.0,27180.0,4.3,40.22
phones-tablets,"XIAOMI Redmi A5 6.88"" 3GB RAM/64GB ROM Android 15 - Black",XIAOMI,98632.0,98632.0,4.1,0.0
phones-tablets,"itel Smart Watch Fit O20 2.04"" HD Display IP68 AI-Powered Black",itel,16800.0,19320.0,4.3,13.04
phones-tablets,2.2'' Full Touch Screen Smart Watch - For Android & IOS,2.2'',11399.0,19895.0,3.5,42.7
phones-tablets,TiLECC 2023 New T900 Pro Max 49mm 2.09-inch Smart Watch,TiLECC,7549.0,19028.0,3.5,60.33
phones-tablets,Philly Philly 50000 MAh 66W PD Super Fast Charging Power Banks,Philly,25299.0,35227.0,3.9,28.18
phones-tablets,"XIAOMI Redmi A3x 6.71"" 3GB RAM/64GB ROM Android 14 - Green",XIAOMI,88316.0,88316.0,4.0,0.0
phones-tablets,XIAOMI Redmi 15C 6.9'' 4GBRAM/128GB ROM Android 15 -Midnight Black,XIAOMI,129567.0,137367.0,4.0,5.68
phones-tablets,20000mAh Power Bank 22.5W Fast Charging Portable Charger with Cable（High Capacity）,20000mAh,11468.0,19375.0,3.0,40.81
phones-tablets,Philly 20000 MAh Utra Slim Portable Power Bank,Philly,7650.0,13811.0,3.5,44.61
phones-tablets,itel 30000mAh Powerbank With 22.5W Fast Charging Powerbank,itel,25750.0,40000.0,4.0,35.62
phones-tablets,Philly Philly Power Banks 30000 MAh 66W Portable Super Fast Charger,Philly,15350.0,33914.0,3.6,54.74
phones-tablets,Phone Tripod Stand Selfie Sticks Multifunctional Wireless,Phone,3345.0,7631.0,3.7,56.17
phones-tablets,TiLECC TiLECC T800 Smart Watch Ultra 8 Door Access  Smartwatch Series 8,TiLECC,7453.0,17081.0,3.4,56.37
phones-tablets,GDTINA 30000mAh 22.5W Super Fast Charging Pøwer Bank-black,GDTINA,15062.0,15062.0,4.2,0.0
phones-tablets,EASYPIE EasyPie 20000 MAh Utra Slim Portable Power Bank,EASYPIE,6871.0,11625.0,3.4,40.89
phones-tablets,"Tecno POP10 6.67"" 3GB RAM / 64GB ROM Android 14",Tecno,101825.0,104316.0,4.4,2.39
phones-tablets,Philly 30000mAh  Portable Power Banks With  LED Lights,Philly,14950.0,33914.0,3.9,55.92
phones-tablets,Philly 30000mAh  Power Banks  Portable Super Fast Charger,Philly,13950.0,33914.0,3.8,58.87
phones-tablets,EAGEAT Phone Stand Adjustable Swivel  Desktop Metal Tablet Stand,EAGEAT,2293.0,4155.0,3.9,44.81
phones-tablets,EAGEAT T800 Smart Watch Ultra 8 Door Access Smartwatch Series 8,EAGEAT,7358.0,16558.0,4.1,55.56
phones-tablets,Philly 21800mAh Power-Banks LED Display 4 In 1 Cable,Philly,9550.0,14256.0,3.7,33.01
phones-tablets,Philly 22.5W Power Banks 50000MAh Portable Super Fast Charger,Philly,28850.0,57164.0,4.1,49.53
phones-tablets,itel 1.83'' Sones Smartwatch (ISW-O11) - Black,itel,14700.0,17640.0,4.1,16.67
phones-tablets,itel Storm Ultra 2.02'' HD Scratchproof IP68 O23 Smart Watch StormUltra Black,itel,20300.0,23345.0,4.3,13.04
phones-tablets,Philly PL205*2pcs Power Charging Bank（20000mAhx2pcs）   Type-C Input,Philly,14950.0,28440.0,4.1,47.43
phones-tablets,"Philly 50,000 MAh  Portable Super Fast Charger Power-Banks With LED Light",Philly,24950.0,42935.0,3.3,41.89
phones-tablets,itel TWS BudsFit 5 Earbuds C-Bridge Design  Starry Purple,itel,21900.0,25185.0,4.4,13.04
phones-tablets,KingElec 30000mAh Power Banks Portable Super Fast Charger,KingElec,13523.0,31000.0,3.8,56.38
phones-tablets,Strong P9 Wireless Bluetooth Stereo OverEar Foldable Headset,Strong,8722.0,16795.0,3.6,48.07
phones-tablets,Oraimo Watch 5 Litev 2.01'' AMOLED Screen Smart Watch Chrome,Oraimo,16678.0,27900.0,4.4,40.22
phones-tablets,"CALLONG Callong CL018 1.77"",32MB/32MB,1000MAh, Dual Sim- Black",CALLONG,6728.0,19360.0,3.5,65.25
phones-tablets,"Philips Fun101 Wireless,2.0'' Big Screen,4MB+4MB,1500 mAh,2000 Phone Book,3X Fast Type-C Charger - Black",Philips,12100.0,15600.0,4.1,22.44
phones-tablets,Series 8 Bluetooth Calling Smart Watch For IOS Android,Series,6967.0,15190.0,3.5,54.13
phones-tablets,Oraimo SpaceBuds Neo True Wireless Spatial Earbuds,Oraimo,17174.0,46500.0,4.3,63.07
phones-tablets,TiLECC TiLECC Ultra 7-in-1 Watch Band Smart Watch 49mm Series 8 Ultra Smart Watch 49mm,TiLECC,12997.0,30000.0,3.7,56.68
phones-tablets,Huameisi Over-Ear Wireless Bluetooth Headsets Earpods Stereo Earbuds,Huameisi,12460.0,17221.0,4.0,27.65
phones-tablets,Ace Elec 66W Power Banks 20000 MAh  Portable Super Fast Charger,Ace,11778.0,18875.0,3.7,37.6
phones-tablets,Wireless Bluetooth Touch Control LED Digital Earphones TWS,Wireless,4750.0,10199.0,3.7,53.43
phones-tablets,itel Powergo 20000mAh Power Bank- Dual Output FastCharging With LED Lightning,itel,13980.0,25000.0,3.5,44.08
electronics,Sonivia Powerful Bluetooth Home Theater with extra bass,Sonivia,32738.0,32738.0,4.0,0.0
electronics,Hikers 32'' Frameless Android Smart HD LED TV - Black + 1 Year Warranty,Hikers,144949.0,144949.0,3.9,0.0
electronics,Mi+ 32'' Inches Frameless HD LED TV-Black + 1 YEAR WARRANTY (MIJ-3220),Mi+,95775.0,95775.0,3.5,0.0
electronics,Hikers 32'' Inches Frameless HD LED TV-Black,Hikers,122640.0,122640.0,4.1,0.0
electronics,Mi+ 32'' Inches Frameless Android Smart HD LED TV-Black + 1 YEAR WARRANTY - Black (MIJ-S32T1A),Mi+,128499.0,128499.0,4.5,0.0
electronics,TCL 55 Inches UHD 4k Google Smart TV (55V6B) + 1 Year Warranty,TCL,441000.0,500000.0,4.4,11.8
electronics,itel 5 Sockets 3Metre Cord Power Strip Extension Box,itel,6550.0,10000.0,4.5,34.5
electronics,P9 Bluetooth Noise Cancelling Headphones - Black,P9,6477.0,12700.0,3.6,49.0
electronics,"MD TV Android 15.0 Smart TV Box (2025) With 10,000+ Free IPTV Channels – 8K Ultra HD Streaming Set Top Box, Voice Assistant Remote, HiSilicon Huawei Chipset, WiFi 6",MD,34541.0,59000.0,3.8,41.46
electronics,Smart TV BOX Q96-A2 8RAM+128GROM 4K android 15 M96-A2  WiFi 4G 5G quad core Support HD 4K video decoding BT media player set-top box Ultimate Home Theater Entertainment Center,Smart,27404.0,46500.0,4.2,41.07
electronics,"Infinity 32""INCHES SMART ANDROID TV + Free Wall Hanger",Infinity,139990.0,188000.0,4.1,25.54
electronics,"Bangs Of Dorset-  Intelligent Noise Cancelling Headphones, Bluetooth 5.1, Panoramic Stereo Headset",Bangs,9800.0,14500.0,3.5,32.41
electronics,Big 10 Inches Automatic Led Ringlight With Stand And A Phone.,Big,12999.0,20000.0,3.5,35.0
electronics,Zealot S67 Portable 60W Wireless Bluetooth Speaker,Zealot,65500.0,155000.0,4.2,57.74
electronics,"TXR Pro 8K Android TV Stick & Retro Game Console – Dual System Streaming Media Player With 15,000+ Classic Games, Wireless Controller, 64GB Support, DDR4 2GB RAM, 16GB ROM, WiFi 6 (2.4G/5G)",TXR,39491.0,55000.0,3.8,28.2
electronics,Royal 32 Inches Digital Smart LED TV (RTV32M10P) + 12 Months Warranty,Royal,124999.0,200000.0,4.0,37.5
electronics,"Tedber TS-R800 Soundbar System with Subwoofer + FREE HEADSET – (200W Peak Power, Bluetooth 5.1, Adaptive Audio, Smart Surround Sound)",Tedber,84800.0,125000.0,4.0,32.16
electronics,MXQ Pro Android 12 TV Box 4K 2.4G/5.8G WiFi 5G Quad Core,MXQ,8235.0,38204.0,3.5,78.44
electronics,"Mi+ 43'' Inches Frameless Android Smart FHD LED TV - Android 14, HDMI x3, USB x2, Wi-Fi  - Black + 12 MONTHS WARRANTY - (MIJ-D4320W)",Mi+,206900.0,206900.0,,0.0
electronics,Oraimo Pods Pro Powerful Bass Tws Wireless Earbuds,Oraimo,5700.0,10000.0,3.5,43.0
electronics,P9 Wireless Bluetooth Headset Headphone-Black,P9,6700.0,12900.0,4.0,48.06
electronics,"Polystar 43"" inch Flat Screen Smart 4k Full HD TV with Netflix (PV-HK43FLSM) +  FREE SURGE PROTECTOR - 1 Year Warranty Black",Polystar,267750.0,310590.0,4.7,13.79
electronics,"addigoes Power Strip with Surge Protection, 4 Power Socket Outlets & 4 USB Ports(3 USB + 1 Type-C) ,Overload Protection, LED Indicator, Child-Proof Safety Covers, 2M All-in-One Power Extension Cord for Home Office Use",addigoes,7555.0,12830.0,3.6,41.11
electronics,"UFC 32""INCHES SMART FRAMELESS ANDROID TV 2 YEARS WARRANTY + Free Wall Hanger",UFC,139990.0,139990.0,4.4,0.0
electronics,"Hikers - 24” HD Digital LED TV - Black, 1YR WRTY",Hikers,66708.0,246875.0,3.9,72.98
electronics,3D VR Headset/Virtual Reality For All Phone,3D,8600.0,18391.0,3.4,53.24
electronics,12 Inch Ring Light + 210CM Tripod,12,15800.0,15800.0,4.1,0.0
electronics,"Mi+ 55” UHD 4K Smart LED TV – Vidaa OS, Bluetooth, HDR, HDMI, USB (MIJ-D5510V)",Mi+,365275.0,365275.0,,0.0
electronics,Djack Super Powerful Bluetooth Home Theatre System (D3L) -  Black,Djack,49401.0,52000.0,3.9,5.0
electronics,"Bluetooth Wireless Headphones Earbuds Earpóds, Headset Earphones Airpòds",Bluetooth,5990.0,9999.0,3.9,40.09
electronics,Mobile Phone Led Light ( Influencer Light ),Mobile,13700.0,13700.0,4.1,0.0
electronics,Letv 32'' Inches Frameless HD LED TV-Black + 1 YEAR WARRANTY BW32LED-A01,Letv,96000.0,100599.0,4.0,4.57
electronics,P47 Wireless Bluetooth Headphone Foldable Stereo Headset -Black,P47,5200.0,5200.0,4.2,0.0
electronics,Zealot 80W Super Bass Bluetooth Speaker With 16000mAh Battery S97,Zealot,98750.0,120000.0,4.5,17.71
electronics,"12"" Inches Automatic Led Ringlight With Stand &Camera Holder","12""",14500.0,20000.0,4.0,27.5
electronics,4K TV Box MXQ Pro 5G Smart TV Box Android 10.0 OS 2.4/5G Dual WIFI 3D Video Media Player Home Theater TV Set Top Box Analog-to-digital Converter Electronic Products Home TV Video,4K,19900.0,48300.0,4.4,58.8
electronics,Tedber Bolan 900D Series.2.1 ch Surround Soundbar Home cinema with immersive Technology + BigSound Subwoofer and Upfiring inbuilt speakers,Tedber,88590.0,135000.0,4.0,34.38
electronics,Hisense 32-Inch Hisense Smart LED TV + Netflix +YouTube,Hisense,192500.0,400000.0,4.4,51.88
electronics,P9 Wireless Bluetooth Headset Headphone Black,P9,6699.0,10500.0,3.9,36.2
electronics,Wireless 5.0 Bluetooth Headset 8 Stereo Hear Pod,Wireless,6490.0,15000.0,3.9,56.73
electronics,Usb Power USB TypeC To DC Cable WiFi To Router Powerbank Cord DC Power CableType C Converter (20V),Usb,5999.0,13000.0,4.6,53.85
electronics,Mi+ Powerful Bluetooth Soundbar With Subwoofer Wireless,Mi+,54351.0,54900.0,4.0,1.0
electronics,Amani 43”inch Ultra HD Smart TV+Netflix.YouTube Free Gift Inside,Amani,229990.0,1297800.0,4.0,82.28
electronics,"Hisense 55"" Inches UHD 4K SMART TV (55A6N) - Black + 1 Year Warranty",Hisense,535000.0,620600.0,4.6,13.79
electronics,itel 4 Sockets 1.8Metre Cord Power Strip Extension Box,itel,5990.0,9000.0,4.5,33.44
electronics,UFC 55 Inch 4K Ultra-HD Smart Freamless Android TV+ FREE WALL HANGER,UFC,389990.0,389990.0,4.2,0.0
electronics,Wireless Wifi Mini Surveillance CCTV Camera With Night Vision & Inbuilt Rechargeable Battery,Wireless,7240.0,7240.0,3.0,0.0
electronics,Mini Camera Home Surveillance Camera Motion Detection,Mini,7645.0,16084.0,3.0,52.47
electronics,B39 Alto - Noise Cancelling Headphones Headset,B39,7426.0,12700.0,3.4,41.53
electronics,Super X Bass 3 In 1 Bluetooth Home Theater,Super,40990.0,60000.0,3.9,31.68
electronics,Binatone Automatic Voltage Protector (AVP-1300) - White + 2 Years Warranty,Binatone,12865.0,15440.0,4.4,16.68
electronics,"Bolizma Wireless Open Ear Earbuds with Bluetooth 5.4, Air Clip-on Design, Lightweight Comfort, Stable Fit Open Ear Bluetooth Earphones, Built-in Mic, 50H Play",Bolizma,11307.0,13590.0,4.1,16.8
electronics,Jbl MG-S20 Wireless Bluetooth Earpod,Jbl,9500.0,29000.0,4.5,67.24
electronics,2NLF Panoramic Wireless WiFi 360 Degree Rotating Camera White,2NLF,13160.0,23808.0,4.0,44.72
electronics,Zealot S38 3D Hifi Stereo Sound Bluetooth Powerful Speake,Zealot,37800.0,75000.0,3.7,49.6
electronics,Realme earbuds EarPhones Bluetooth For Android And Applē Earbuds ear Phone Earpiece Hear 5.0 Wireless pod Earpóds Headphones blootooth t Aírpods (Ne5),Realme,13940.0,13940.0,3.8,0.0
electronics,RGB Lighting Good Sound Quality 1800 mAh Battery Bluetooth Audio Speaker,RGB,6665.0,17438.0,4.8,61.78
electronics,AEC HIFI Bluetooth Headsets Built-In Microphone Noise Cancelling,AEC,14880.0,27632.0,4.1,46.15
electronics,Zealot S67 Waterproof Bluetooth Bass Speaker 75W Grey-Green,Zealot,72270.0,90000.0,4.4,19.7
electronics,"TWS Wireless Bluetooth Earpods - Bluetooth 5.3 Noise Cancellations Earphones, Earbuds, Bluetooth 5.3",TWS,4800.0,34000.0,2.5,85.88
electronics,Oraimo SpaceBuds Hybrid ANC True Wireless Earbuds OTW-630,Oraimo,45000.0,45000.0,4.5,0.0
electronics,Zealot 80W Super Bass Bluetooth Speaker With 16000mAh Battery  S97,Zealot,114840.0,200000.0,4.0,42.58
electronics,itel 6 Sockets 3m Cord Power Strip Extension Box,itel,7500.0,12000.0,4.7,37.5
electronics,"Bolizma Bluetooth Earbuds, Wireless in Ear Buds with Hi-Res Audio, Secure Fit, BT 5.4, One-Step Pairing, for iPhone Android & More",Bolizma,7550.0,10570.0,3.3,28.57
electronics,"10"" Inches Ring Light With Phone Holder & Tripod Stand","10""",12800.0,12800.0,3.9,0.0
electronics,P9 Wireless Bluetooth Headset Headphone-Black,P9,6700.0,15000.0,4.5,55.33
electronics,"Amani Amani 43""INCHES SMART ANDROID UHD TV 4K +FREE WALL BRACKETS",Amani,229990.0,235000.0,4.1,2.13
electronics,V380 PRO DUAL LENS PTZ SOLAR CAMERA 5.0MP,V380,54450.0,72000.0,4.2,24.38
electronics,Hikers 50'' Inch Frameless Android Smart 4K LED TV-Black+WALLMOUNT + 12 MONTHS WARRANTY,Hikers,295700.0,314246.0,4.1,5.9
electronics,"Bolizma Wireless Headphones with Hook, 48 Hours Playback Time, Charging Box with LED Power Display and Smart Noise Canceling Earbuds, Hi-Fi Microphone Stereo Sound Headset, Compatible with All IOS Android Mobile Phones and Laptop Series",Bolizma,12835.0,13590.0,4.4,5.56
electronics,V380 PRO DUAL LENS PTZ SOLAR CAMERA 5.0MP,V380,54648.0,120000.0,4.1,54.46
electronics,"Tedber Spectra 500S Soundbar with Bass subwoofer 200W Hometheater System, Bluetooth 5.2, HDMI, Adaptive Audio, Smart Surround Sound, Smart Remote Control",Tedber,69800.0,109500.0,3.9,36.26
electronics,Zealot S67 Portable Bluetooth Boombox Speaker - 75W,Zealot,64900.0,85000.0,4.2,23.65
electronics,"Here U go Long 81CM TV SOundbar Bluetooth Rechargeable, with deep Bass- The Hector",Here,34800.0,42000.0,4.3,17.14
electronics,Sanyo 32 Inch 4K Ultra-HD Smart LED Android TV - Black,Sanyo,149990.0,160000.0,4.3,6.26
electronics,Oraimo Pods Pro Powerful Bass Tws Wireless Earbuds,Oraimo,7000.0,28000.0,4.4,75.0
electronics,"Ultrapods Max - TWS True Wireless Earbuds - Sleek In-Ear Sports Headphones, Headset with Wireless, USB Type-C Charging Case, Quick Pairing & Battery Indicator - Ultrapods Pro ( Black )",Ultrapods,4700.0,10000.0,3.4,53.0
electronics,A18 Rechargable Mini Home Theater Bluetooth Fm Boombox.,A18,30800.0,30800.0,3.9,0.0
electronics,V380 Pro 4G Dual Lens PTZ Solar Security Camera,V380,55000.0,100000.0,4.8,45.0
computing,GUEETON 128GB Metal OTG Usb Flash Drive Waterproof 3D Embossment,GUEETON,5017.0,10949.0,3.6,54.18
computing,EAGEAT 10 Speed Adjustable Laptop Stand+phone Stand,EAGEAT,3344.0,5988.0,4.1,44.15
computing,LZDUATAN 10 Steps Laptop Stand Desktop Stand Can Be Adjusted In,LZDUATAN,2866.0,5608.0,4.3,48.89
computing,LZDUATAN 10 Steps Laptop Stand,LZDUATAN,2818.0,5297.0,4.2,46.8
computing,GUEETON Ultra-thin Wireless Mouse 2.4G Bluetooth Dual Mode Rechargeable Silver,GUEETON,3746.0,18960.0,4.3,80.24
computing,GUEETON LED 2.4G Rechargeable Wireless Mouse Bluetooth 2 Modes,GUEETON,3813.0,11270.0,4.4,66.17
computing,GUEETON 128GB OTG 3 In 1 Usb Flash Drive Type C,GUEETON,5849.0,9942.0,3.5,41.17
computing,10 Inch LCD Writing Tablet Electronic Digital Drawing Board,10,2915.0,5277.0,4.2,44.76
computing,Starlink Mini Kit - High Speed Internet Network - White,Starlink,318000.0,500000.0,4.8,36.4
computing,EAGEAT Wireless 2.4GHz Mice Rechargeable Mute,EAGEAT,3631.0,24680.0,4.5,85.29
computing,GUEETON 128GB  USB Flash Drive metal hook with OTG 3 In 1 usb dadapter cable,GUEETON,5696.0,16744.0,3.7,65.98
computing,MTN 4G LTE MiFi - M36 + Free 30GB Data Bonus On Activation..,MTN,14850.0,15000.0,3.9,1.0
computing,EAGEAT 10 Speed Adjustable Laptop Stand+phone Stand,EAGEAT,3344.0,4977.0,4.1,32.81
computing,EAGEAT Pen Flash Drive 3.0 128GB - Metal OTG Micro USB Type-C,EAGEAT,5447.0,9168.0,3.8,40.59
computing,GUEETON Metal Foldable Adjustable Stand For Lap top,GUEETON,4492.0,15500.0,4.5,71.02
computing,VIC ♛128GB USB3.0 Metal Flash Drives Portable Usb Drive Waterproof Memoria Usb Disk,VIC,4931.0,11594.0,3.5,57.47
computing,8.5 Inch LCD Writing Tablet Electronic Digital Drawing Board,8.5,2437.0,4456.0,4.0,45.31
computing,7 Steps Laptop Stand Desktop Stand Can Be Adjusted,7,2388.0,4352.0,3.1,45.13
computing,EAGEAT Portable Laptop Stand With Mobile Phone Support 2 In 1,EAGEAT,6116.0,9354.0,4.2,34.62
computing,Macbook PRO Laptop A1278 13.3 Inch Core I5 2.5GHz 8GB RAM 500GB EN/AR Keyboard,Macbook,185999.0,192728.0,3.5,3.49
computing,Mtng 4G LTE MiFi - M30S PRO + Free 30GB Data Bonus On Activation..,Mtng,14850.0,15000.0,3.9,1.0
computing,EAGEAT Wireless 2.4GHz Mice Rechargeable Mute- Silver,EAGEAT,3631.0,24680.0,4.4,85.29
computing,Deco Gear Laptop Stand,Deco,2905.0,16359.0,4.2,82.24
computing,VIC ♛256GB USB3.0 Metal Flash Drives Portable Usb Drive Waterproof Memoria Usb Disk,VIC,7024.0,15376.0,3.6,54.32
computing,Foldable Portable Metal Laptop Stand With Detachable Fan,Foldable,7311.0,10428.0,4.2,29.89
computing,EAGEAT Luminous Keyboard And Mouse Set  E-sports Game,EAGEAT,8887.0,22720.0,4.0,60.88
computing,MC Laptop Stand With Cooling Fan Low Noise Adjustable Height,MC,11467.0,58427.0,4.5,80.37
computing,MTN 4G Wireless Router CPE ZLT T10D MAX + Free 50GB Data On Activtn,MTN,20000.0,20000.0,4.1,0.0
computing,Mouse Pad With Wrist Rest Support For PC,Mouse,2981.0,5054.0,4.1,41.02
computing,TWO (2) NON RECHARGEABLE USB LED BULBS Lights / LIGHT FOR COMPUTERS / LAPTOP KEYBOARDS & POWER BANK USB PORT,TWO,1970.0,2500.0,3.8,21.2
computing,Kingnote Wired Mouse Business Travel Necessary 3-speed DPI Adjustable,Kingnote,2696.0,7979.0,4.3,66.21
computing,TWO (2) FLEXIBLE NON RECHARGEABLE USB LED BULBS Lights / LIGHT FOR COMPUTERS / LAPTOP KEYBOARDS & POWER BANK USB PORT,TWO,1970.0,6000.0,4.2,67.17
computing,Kingnote Wireless Rechargeable Mouse -Black,Kingnote,4026.0,6254.0,4.5,35.63
computing,"High Quality Padded Laptop Bag  Laptop Pouch Laptop Case Sleeve Messenger Office  Corporate Bag Seminar Souvenir Gift Item 15.6""",High,7425.0,10000.0,4.2,25.75
computing,Power USB To DC Cable WiFi To Router Powerbank Cord DC 5V To 12V USB Cable Converter Wifi Router POWER BANK (12V),Power,3100.0,8000.0,4.0,61.25
computing,Kingnote 32GB High Speed Class 20 TF(SD) Memory Card 3 Free Gifts,Kingnote,4346.0,20243.0,4.1,78.53
computing,Rechargeable Wireless Bluetooth Mouse(2.4Ghz)--BLACK,Rechargeable,3949.0,9000.0,4.3,56.12
computing,GUEETON Metal Foldable Adjustable Stand Holder For Lap top  Silver,GUEETON,4568.0,9859.0,4.5,53.67
computing,EAGEAT Pen Flash Drive 3.0  32GB - Metal OTG Micro USB Type-C,EAGEAT,4204.0,6320.0,4.1,33.48
computing,"Hp CHROMEBOOK 11 , INTEL CELERON, 4GB RAM,16GB EMMC + usb light",Hp,93060.0,94000.0,3.9,1.0
computing,GUEETON Metal Foldable Adjustable Stand Holder For Lap top  Silver,GUEETON,4568.0,9859.0,4.5,53.67
computing,Portable Laptop Stand With Mobile Phone Support 3 In 1 Black,Portable,4606.0,8321.0,4.2,44.65
computing,900*400mm Oversized Mouse Pad World Map Non-slip Keyboard Pad Desk Mat,900*400mm,6681.0,9672.0,4.6,30.92
computing,Starlink Standard Kit - Gen 3 (02534003-501/B)- White,Starlink,590000.0,590000.0,4.6,0.0
computing,"High Quality Padded Laptop Bag  Laptop Pouch Laptop Case Sleeve Messenger Office  Corporate Bag Seminar Souvenir Gift Item 15.6""",High,7500.0,10000.0,3.9,25.0
computing,Ace Elec 14.1'' Intel(R)Pentium(R) CPU N3700 16GB+128GB - Silver,Ace,220442.0,220442.0,3.6,0.0
computing,Kingnote 2.4G Rechargeable Wireless Mouse Bluetooth 2 Modes-Black,Kingnote,3741.0,7293.0,4.5,48.7
computing,GUEETON 128GB OTG Usb Flash Drive Ballpoint Pen BLACK with 4 pcs spare refills,GUEETON,5209.0,16120.0,4.0,67.69
computing,"Blueing 15.6"" Laptop J4125 8GB+256GB SSD Student Portable Computer",Blueing,229617.0,313829.0,3.9,26.83
computing,5 In 1 2USB 2PD 66w Fast Charger Power Socket,5,7168.0,18600.0,4.0,61.46
computing,Mifa Universal 4G LTE Pocket Mifi Mobile WiFi Hotspot Router For All Network Aìrtel Mtñ Glò 9mobile Modem Speçtranet Smile (M8),Mifa,25900.0,25900.0,4.2,0.0
computing,800*300mm Oversized Mouse Pad Solid Color Non-slip,800*300mm,3632.0,7936.0,4.7,54.23
computing,Mythco V8 Live Sound Card Podcast Equipment Bundle BM-800 Recording Studio Package with Voice Changer,Mythco,27714.0,46392.0,4.0,40.26
computing,OIPETLUCK Vertical Mice Ergonomics  Mouse Hand Pain-free Battery,OIPETLUCK,8592.0,13213.0,4.6,34.97
computing,Mouse Pad Gaming Mouse Pad Silk Gliding Mouspad (PLAIN),Mouse,2594.0,6740.0,4.4,61.51
computing,SanDisk SanDisk 64GB Cruzer Blade USB 2.0 Flash Drive,SanDisk,7000.0,7000.0,4.4,0.0
computing,JIYUE Flash Drive 3.0 64GB Metal OTG Micro USB Type-C,JIYUE,4800.0,9118.0,3.7,47.36
computing,Rechargeable Wireless Bluetooth Mouse(2.4Ghz)--BLACK,Rechargeable,3899.0,9000.0,4.5,56.68
computing,EAGEAT 2.4GHz Three-speed Wireless Rechargeable Game Mouse,EAGEAT,6689.0,25539.0,4.5,73.81
computing,Portable Laptop Stand With Mobile Phone Support 3 In 1 White,Portable,4549.0,7264.0,4.1,37.38
computing,Bisofice 58mm Mini Portable Thermal Printer Wireless Lable Receipt,Bisofice,21847.0,48810.0,3.9,55.24
computing,EAGEAT Pen Flash Drive 64GB Metal OTG Micro USB Type-C,EAGEAT,4395.0,6367.0,4.0,30.97
computing,2.4G Wireless Optical Vertical Mouse 6 Keys Ergonomic,2.4G,8113.0,15085.0,4.5,46.22
computing,Kingnote 1000mAh!Rechargeable Wireless Mouse 2.4G Bluetooth 2 Modes,Kingnote,4395.0,10202.0,4.7,56.92
computing,Kingnote High Speed 3.0 Flash Drive 32GB Metal OTG Micro USB Type-C,Kingnote,4217.0,8525.0,3.8,50.53
computing,VINSA T906 Graphics Drawing Tablet Ultra-thin,VINSA,38227.0,79727.0,4.4,52.05
computing,"Rechargeable Wireless Mouse Portable Silent USB And Type-C Dual Mode 3 Adjustable DPI For Laptop, Mac, Android, PC, Bluetooth 5.2 +2.4G USB Receiver",Rechargeable,5600.0,5600.0,4.6,0.0
computing,Double Headed 4 in 1 Type-C Hub Multiport Dock Station USB Hub adapter With USB3.0,Double,3775.0,9060.0,4.2,58.33
computing,Rechargeable Wireless Bluetooth Mouse(2.4Ghz)--WHITE,Rechargeable,3981.0,9000.0,4.4,55.77
computing,VINSA 10x6 Inch Professional Graphic Drawing Tablet 12 Express,VINSA,46934.0,82243.0,4.2,42.93
computing,White Label Colorful LED 2.4G Rechargeable Mouse - Black,White,3875.0,7750.0,4.7,50.0
computing,Kingnote 1000mAh! Rechargeable Wireless Mouse 2.4G Bluetooth 2 Modes,Kingnote,5565.0,11961.0,4.7,53.47
computing,Wireless 2.4G Rechargeable 5.2 Bluetooth Silent  Game Mouse,Wireless,6355.0,12400.0,4.6,48.75
computing,Bluetooth Dual-mode Led Gaming Rechargeable Wireless Mouse,Bluetooth,5999.0,9999.0,4.5,40.0
computing,MTN 5G Ultrafast Router ZLT X100M PRO + Free100GB Data Bonus On Activation - White,MTN,80000.0,80000.0,4.3,0.0
computing,12 Inches LCD Learning Writing Graffiti TABLET For Kids -,12,6633.0,12000.0,4.0,44.72
computing,TWO (2) POWER SAVING FLEXIBLE USB LED LIGHT / LIGHTS FOR COMPUTERS KEYBOARDS - POWER BANK USB PORT AND ROOM - LIGHTS 0033,TWO,1580.0,5000.0,4.1,68.4
computing,VIC ✪512GB USB3.0 Metal Flash Drives Portable Usb Drive Waterproof Memoria Usb Disk,VIC,11373.0,23157.0,3.7,50.89
computing,JIYUE Flash Drive 3.0 128GB Metal OTG Micro USB Type-C,JIYUE,5930.0,10784.0,3.8,45.01
computing,"Hp STREAM 11, INTEL CELERON, 4GB RAM,64GBSSD WINS 10",Hp,118220.0,195145.0,,39.42
home-office,Syinix 2.2L Electric Kettle - Silver SKE22U1,Syinix,6369.0,6369.0,3.9,0.0
home-office,SILVER CREST 2L Industrial 8500W Food Crusher Blender With 2 Jar,SILVER,24890.0,26390.0,3.9,5.68
home-office,SILVER CREST 8L Extra Large Digital AirFryer,SILVER,39081.0,39081.0,4.1,0.0
home-office,SOLITEC STANDING FAN 18 INCHES,SOLITEC,17999.0,19012.0,3.9,5.33
home-office,Boscon Auto Ignition Table Top Gas Cooker-2 Burner-Silver BOS-GS012,Boscon,15600.0,17615.0,3.6,11.44
home-office,DIY Wall Clocks 3D Mirror Stickers Large Wall Clock -Black,DIY,2901.0,5980.0,3.6,51.49
home-office,Hisense 7.5kg Twin Tub Washing Machine - (WSQB 753 (JF),Hisense,191760.0,230115.0,4.2,16.67
home-office,HANSEN 18 inches industrial level standing fan,HANSEN,17800.0,18795.0,3.9,5.29
home-office,TINMO 18 Inches Rechargeable Solar Fan + Solar Panel & 2 Bulbs Black + 12 Months Warranty,TINMO,43900.0,59218.0,4.1,25.87
home-office,SILVER CREST SILVERCREST 2L Industrial 8500W Food Crusher Blender With 2 In 1 Functionality,SILVER,22500.0,24000.0,3.8,6.25
home-office,Skyrun 70 Litres Double Door Top Mount Fridge (BCD-85HC) - Starry Night Black.,Skyrun,173250.0,213840.0,3.6,18.98
home-office,Rechargeable Light Bulb Home / Outdoors 20W-Cool White,Rechargeable,3249.0,6402.0,3.5,49.25
home-office,Boscon 1.8 Liters Powerful Fast Heating Electric Jug Kettle,Boscon,6276.0,6276.0,4.1,0.0
home-office,itel Multi-function Blender 1.5L  M1-Lite 350W Motor-easy Mixing,itel,17800.0,17800.0,4.0,0.0
home-office,Aeon 90Litres Chest Freezer (ACF90GJ) - Dark Grey,Aeon,199999.0,231999.0,4.3,13.79
home-office,Goldcrown Sandwich Maker + 12 Months Warranty:model number -  GC-SM002/3/4,Goldcrown,13967.0,13967.0,4.1,0.0
home-office,Maxi 20 Litres Manual Microwave Oven (MAXIMWO20CKE) + 12 Months Warranty,Maxi,62331.0,73190.0,4.4,14.84
home-office,SILVER CREST 2L Industrial 8500W 9525 Motor Dry Grinder Blender With 2 Jar,SILVER,28116.0,45000.0,4.0,37.52
home-office,Syinix 2.2L Electric Kettle - Red SKE22U1,Syinix,6700.0,6983.0,4.0,4.05
home-office,"SOLITEC 18"" Standing fan plus",SOLITEC,20058.0,20058.0,3.9,0.0
home-office,Binatone Dry Iron (Di1255) + 2 Years Warranty,Binatone,13019.0,15625.0,4.0,16.68
home-office,Aeon 4 Burner 50 x 50 Gas Cooker (AGC5040J) - Black,Aeon,129780.0,163480.0,4.2,20.61
home-office,Syinix 2.2L Electric Kettle - Blue  SKE22U1,Syinix,6983.0,6983.0,4.1,0.0
home-office,Aeon 5Kg Twin Tub Washing Machine (ATT05J),Aeon,137280.0,166800.0,4.3,17.7
home-office,"CYFAZA Portable Closet Storage Organizer Clothes Mobile Wardrobe Shoe Clothing Rack Shelf Dustproof Non-Woven Fabric, Easy to Assemble",CYFAZA,22458.0,35836.0,3.9,37.33
home-office,Binatone Binatone Smoother Gliding Steam Iron (SI-1605) - Blue + 2 Years Warranty.,Binatone,14060.0,16875.0,4.0,16.68
home-office,"Kitchen Knife Sharpener, Repair Restore And Polish Blades",Kitchen,1999.0,20000.0,3.7,90.0
home-office,DIY Wall Clock With Number Stickers - Black - 40cm,DIY,3227.0,6327.0,4.0,49.0
home-office,Binatone 1.5 Litres Blender With Grinder 300W (BLG-410) - White + 2 Years Warranty,Binatone,27560.0,33075.0,4.2,16.67
home-office,5Pieces Premium Bulb LED B22-5W-Cool White Light,5Pieces,2083.0,3271.0,3.7,36.32
home-office,5Pieces Light Bulb LED E27-5W-Cool White Light,5Pieces,2083.0,3313.0,3.7,37.13
home-office,Panasonic 8.0Liters Extra Large Capacity Airfryer-4500W,Panasonic,44000.0,65000.0,4.3,32.31
home-office,Ultra-Soft Fiber Pillow - 2 pieces,Ultra-Soft,9603.0,15000.0,4.0,35.98
home-office,DIY Wall Clock With Number Stickers - Night - 40cm,DIY,5572.0,9498.0,3.9,41.34
home-office,itel Electric Kettles -1A 1.7L 100% True Boiling 3-Year Warranty white,itel,11600.0,13340.0,4.4,13.04
home-office,Cloudoon 32-in-1 Multifunctional Screwdriver Set – Precision Repair Tool Kit DIY,Cloudoon,3433.0,7712.0,4.0,55.48
home-office,Large Cotton Bath Towel -Green,Large,7899.0,15000.0,3.9,47.34
home-office,Ox 18inch STANDING FAN-BLACK+ Free Gift Inside,Ox,29449.0,72490.0,4.2,59.38
home-office,Lontor AC (Non Rechargeable) Fan - CFA023-16,Lontor,23661.0,70000.0,4.4,66.2
home-office,10PCS Strong Self-adhesive Wall Hook Sticky Hook,10PCS,1903.0,6750.0,3.5,71.81
home-office,Foldable Stripping Multifunctional Combination Tool,Foldable,7704.0,24149.0,4.1,68.1
home-office,Boscon Auto Ignition Table Top Gas Cooker-2 Burner-Black BOS-GS012,Boscon,15900.0,17069.0,3.8,6.85
home-office,Nexus 1.5HP Split Air Conditioner (NX-MSSH12000SC TL) - White + Full Kit & 2 Years Warranty,Nexus,294000.0,384800.0,4.3,23.6
home-office,Nexus 5.5kg Twin Tub Washing Machine (NX-WM-5SAK),Nexus,130200.0,180960.0,4.2,28.05
home-office,Mythco Wireless Body Induction Lamp LED Motion Sensor Night Light,Mythco,2991.0,6448.0,4.0,53.61
home-office,Syinix 6L Temperature Control 3D-Heating  Air Fryer SAIF55M,Syinix,33000.0,53636.0,4.2,38.47
home-office,"SILVER CREST Industrial 8500W Food Crusher Blender, EXTRA MILL JAR",SILVER,28500.0,45000.0,4.0,36.67
home-office,Aeon 70L Double Door Fridge (ART85GJ) - Dark Grey,Aeon,159650.0,198000.0,3.8,19.37
home-office,Hisense 5kg Top Load Twin Tub Washing Machine (WM503-WSPA) With One Year Warranty,Hisense,148450.0,173340.0,4.2,14.36
home-office,Water Filter Purifier 6-Layer Filtering Adjustable Universal,Water,1902.0,3200.0,3.8,40.56
home-office,Modern 3D Pattern Large Center Rug- 120*160cm(4ft X 6ft)-BU,Modern,18995.0,29000.0,3.7,34.5
home-office,Mythco 46 Pieces 1/4 Inch Drive Socket Ratchet Wrench Set Black,Mythco,7177.0,18228.0,3.7,60.63
home-office,Cloudoon 12-in-1 Multifunctional Screwdriver Set – Precision Repair Tool Kit,Cloudoon,2239.0,3832.0,3.9,41.57
home-office,High Speed Fast Boiling Heating Electric Kettle,High,7790.0,7790.0,4.1,0.0
home-office,Mythco USB Powered Remote Control 20-Color Sunset Lamp/Projector,Mythco,5379.0,13950.0,4.2,61.44
home-office,2L Double Spray Humidifiers LED Light + 6 Aromatherapy Oil,2L,26923.0,26923.0,4.0,0.0
home-office,Aeon 150Litres Chest Freezer (ACF150GJ) - Dark Grey,Aeon,223820.0,268585.0,4.0,16.67
home-office,"Skyrun 4 Burners（4+0) Gas Cooker, Automatic Ignition with 60L Oven - (GCS-4G/X) - Black",Skyrun,144900.0,177295.0,4.1,18.27
home-office,SILVER CREST 8L Extra Large AirFryer-White,SILVER,36782.0,36782.0,4.0,0.0
home-office,Skyrun 200l Chest Freezer BD-200A Grey,Skyrun,291600.0,349920.0,4.2,16.67
home-office,SILVER CREST 2 Litres German Industrial Blender 8500W,SILVER,28390.0,45000.0,3.9,36.91
home-office,Stainless Steel Leather Classic Hip Flask - Whiskey Bottle,Stainless,25991.0,26007.0,4.5,0.06
home-office,10M LED Strip Light RGB 5V APP Remote Control For Party,10M,6308.0,16242.0,3.9,61.16
home-office,12 Pieces Unbreakable Flat And Soup Plates With Free Spoon,12,12461.0,12587.0,4.1,1.0
home-office,Classy 3 Column Mobile Steel Wardrobe Closet(Brown),Classy,24250.0,29996.0,3.6,19.16
home-office,SILVER CREST 8.0 Litres Extra Large Capacity Airfryer,SILVER,42999.0,96000.0,4.3,55.21
home-office,Hand-Forged High Carbon Steel Yam/Potato/Cucumber/Carrot Peeler,Hand-Forged,17996.0,18233.0,4.7,1.3
home-office,CYFAZA Large Dish Drying Rack For Kitchen Countertop 2-Tiers Black,CYFAZA,21833.0,36340.0,3.9,39.92
home-office,Mini Brushless Angle Grinder Tool Box + 2 Batteries + 5 Blades,Mini,42800.0,45000.0,3.2,4.89
home-office,Shoe Rack Stackable Assembly Shoe Clothes Organizer-6 Layers,Shoe,10513.0,20000.0,4.2,47.44
home-office,Household Constant Temperature Soldering Iron,Household,38000.0,42000.0,3.9,9.52
home-office,Pinnacle Electric Kettle-2.2L,Pinnacle,8700.0,19000.0,4.1,54.21
home-office,Bathroom Shower Storage Organizer Shower Rack -1Pc & 2 Hooks,Bathroom,3160.0,5980.0,3.9,47.16
home-office,Mythco 25-in-1 Small Precision Screwdriver Set Magnetic Mini Repair Tool Kit,Mythco,4491.0,7471.0,4.2,39.89
home-office,Super - Bright Rechargeable Bulb Home Outdoor 30W Cool White,Super,4014.0,7491.0,3.3,46.42
home-office,Sonik Inverter Friendly Solar Pressing Iron - 250W,Sonik,16000.0,20000.0,4.2,20.0
home-office,"16"" Stainless Steel Dish Drainer With Cup And Cutlery Holder","16""",12295.0,15000.0,3.9,18.03
home-office,Gold Plated Stainless Steel Spoon & Fork - 12Pcs,Gold,6000.0,6000.0,4.0,0.0
home-office,Cloudoon 3 Speed Electric Milk Frother Hand Mixer Foam Maker Coffee Stirrer Hand Blender,Cloudoon,2911.0,6280.0,3.6,53.65
home-office,100 Pcs Air Fryer Disposable Paper Liners Round,100,7520.0,20000.0,3.6,62.4
health-beauty,"Dr Teal's Glow & Radiance Pure Epsom Salt Soak, 1.36Kg",Dr,11017.0,11017.0,3.8,0.0
health-beauty,NIVEA Radiant & Beauty Even Glow Body Lotion For Women - 400ml - Pack Of 2,NIVEA,9365.0,11635.0,4.0,19.51
health-beauty,MATIHO One-piece hair clippers,MATIHO,2676.0,5286.0,3.6,49.38
health-beauty,"NIVEA MEN Deep Anti-Perspirant Roll-on For Men, 72h - 50ml (Pack of 3)",NIVEA,4930.0,6125.0,4.2,19.51
health-beauty,"NIVEA Dry Impact Roll-on For Men, 72h- 50ml (Pack Of 3)",NIVEA,5240.0,6125.0,4.1,14.45
health-beauty,NIVEA MEN Deep Body Lotion 400ml + Deep Roll-on 50ml,NIVEA,5545.0,6890.0,4.1,19.52
health-beauty,"NIVEA MEN Black & White Invisible Original Anti-Perspirant Roll-on For Men, 72h - 50ml (Pack Of 3)",NIVEA,4930.0,6274.0,4.2,21.42
health-beauty,EAGEAT Unisex Anti Blue Light Protective Computer Screen Glasses,EAGEAT,2293.0,3318.0,3.9,30.89
health-beauty,NIVEA MEN Deep Body Lotion  - 400ml (Pack Of 2),NIVEA,7805.0,9695.0,4.1,19.49
health-beauty,NIVEA Perfect & Radiant Body Lotion For Women - 400ml (Pack Of 2),NIVEA,8085.0,9800.0,4.1,17.5
health-beauty,NIVEA Radiant & Beauty Advanced Care Body Lotion For Women - 400ml - Pack Of 2,NIVEA,9365.0,11635.0,4.1,19.51
health-beauty,NIVEA Dry Impact Roll-on For Men 72h- 50ml (Pack Of 2),NIVEA,3700.0,4085.0,4.1,9.42
health-beauty,2Black Darkening & Anti-dandruff Unisex Hair Cream(80g),2Black,1249.0,10000.0,3.7,87.51
health-beauty,NIVEA DoShakara Pack - Nourishing Cocoa Body Lotion - 400ml (Pack Of 3),NIVEA,13646.0,13646.0,4.2,0.0
health-beauty,Cotton Club AUD DE PERFUME,Cotton,2714.0,2999.0,3.9,9.5
health-beauty,NIVEA Nourishing Cocoa Body Lotion For Women - 400ml (Pack Of 2),NIVEA,7595.0,8880.0,4.1,14.47
health-beauty,NIVEA Pearl & Beauty Anti-Perspirant Roll-on For Women 72h - 50ml (Pack Of 3),NIVEA,5240.0,6125.0,4.1,14.45
health-beauty,NIVEA Sun UV Sunscreen Face Shine Control Cream SPF 50 - 50ml,NIVEA,8790.0,10920.0,4.0,19.51
health-beauty,Blueidea Rugged Cordless Rechargeable Hair & Beard Clipper,Blueidea,8090.0,15000.0,3.4,46.07
health-beauty,NIVEA Nourishing Cocoa Body Lotion for Women - 400ml + FREE 100ml,NIVEA,4380.0,4440.0,4.0,1.35
health-beauty,Green Mask Stick Facial Mask For Black Spots & Pimples,Green,2669.0,19643.0,3.3,86.41
health-beauty,Rose G Spot Vibrator Intimate Sucker Vagina Sex Toys,Rose,8315.0,27831.0,4.3,70.12
health-beauty,Roushun Vitamin C Serum [Anti-Aging Serum]---30ml,Roushun,2499.0,5000.0,3.7,50.02
health-beauty,"NIVEA Dry Comfort Roll-on For Women, 72h- 50ml (Pack Of 3)",NIVEA,5240.0,6125.0,4.0,14.45
health-beauty,Kiki New Gain Rechargeable Hair Clipper Cordless Clipper And Barbing Kits,Kiki,18800.0,30000.0,4.0,37.33
health-beauty,MATIHO Rechargeable Metal Simple Style Hair Clipper,MATIHO,3205.0,6178.0,3.9,48.12
health-beauty,NIVEA Black & White Invisible Clear Anti-Perspirant Roll-on For Women 72h - 50ml (Pack Of 3),NIVEA,4930.0,6125.0,4.2,19.51
health-beauty,Dr Teal's B/Lot 18Oz Vitamin C,Dr,9000.0,10000.0,4.2,10.0
health-beauty,NIVEA Perfect & Radiant 400ml Body Lotion + 50ml Roll-on,NIVEA,5590.0,6940.0,3.9,19.45
health-beauty,Night Walker Eau De Perfume Natural Spray-60ml,Night,1999.0,5000.0,3.5,60.02
health-beauty,LZDUATAN 20 Mode  Powerful Rechargeable Magic Wand Vibrator,LZDUATAN,6000.0,11760.0,4.1,48.98
health-beauty,Biore 2PCS UV Aqua Rich Watery Essence Sunscreen SPF 50 (50ml),Biore,4999.0,4999.0,4.1,0.0
health-beauty,SADOER 8pcs Fruit Face Mask & Anti Wrinkle Moisturizing Skin Care,SADOER,2699.0,12950.0,4.0,79.16
health-beauty,Kiki New Gain Rechargeable Professional Hair Clipper NG-699plus,Kiki,14500.0,18000.0,4.0,19.44
health-beauty,Biore UV Aqua Rich Watery Sunscreen SPF 50,Biore,2969.0,9000.0,4.1,67.01
health-beauty,"Rechargeable Hair Clipper,Hair Cutter,Hair Trimmer,Shaving",Rechargeable,6831.0,9000.0,3.8,24.1
health-beauty,"TOUPHY 2pcs Men's Hair Clippers, Wireless Hair Cutting Kit",TOUPHY,10850.0,28102.0,3.5,61.39
health-beauty,TOUPHY Hair Clipper/Rechargeable Hair Trimmer/Shaving Machine,TOUPHY,7440.0,19375.0,3.5,61.6
health-beauty,Nature Field 12 In 1 Essential Miracle Hair Oil 100ml for unisex,Nature,2969.0,4350.0,3.5,31.75
health-beauty,Disaar BEAUTY ALOE VERA 99% Soothing - Gel,Disaar,2499.0,10000.0,3.7,75.01
health-beauty,NIVEA Deep Anti-Perspirant Spray For Men 48h - 200ml (Pack Of 2),NIVEA,7485.0,9595.0,4.3,21.99
health-beauty,NIVEA Watimagbo Pack- Perfect & Radiant Body Lotion - 400ml (Pack of 3),NIVEA,12125.0,25480.0,4.1,52.41
health-beauty,"NIVEA Dry Impact Anti-Perspirant Spray For Men, 72h - 200ml (Pack Of 2)",NIVEA,7965.0,9595.0,4.2,16.99
health-beauty,NIVEA Sun UV Sunscreen Face Shine Control Cream SPF 50 - 50ml (Pack of 2),NIVEA,16485.0,21840.0,4.5,24.52
health-beauty,Kiki New Gain Professional Rechargeable Wireless Hair Clipper With Battery Percentage Display (NG-888B),Kiki,15950.0,15960.0,4.1,0.06
health-beauty,Dr Teal's Body Wash Glow & Radiance Vitamin C 24oz,Dr,9600.0,10600.0,4.3,9.43
health-beauty,NIVEA Radiant & Beauty Even Glow Body Lotion For Women - 400ml,NIVEA,5270.0,5820.0,4.0,9.45
health-beauty,Aichun Beauty Black Facial Mask Whitening Complex + Free Black Head,Aichun,2490.0,10000.0,3.6,75.1
health-beauty,"NIVEA Cool Kick Anti-Perspirant Roll-on For Men, 48h - 50ml (Pack Of 3)",NIVEA,5240.0,6125.0,4.3,14.45
health-beauty,Mens Hair Clippers Kit For Barber With LED Display,Mens,14345.0,25504.0,3.8,43.75
health-beauty,"NIVEA Pearl & Beauty Anti-Perspirant Body Spray For Women, 48h - 200ml (Pack Of 2)",NIVEA,7965.0,9595.0,4.2,16.99
health-beauty,LZDUATAN USB Rose Vibrator Vagina Clitoris Sucker,LZDUATAN,8027.0,21046.0,4.3,61.86
health-beauty,NIVEA Nourishing Cocoa Body Lotion For Women - 400ml,NIVEA,4380.0,4440.0,4.1,1.35
health-beauty,NIVEA MEN Deep Body Lotion  - 400ml,NIVEA,4390.0,4850.0,4.4,9.48
health-beauty,LZDUATAN 20 Mode Powerful Rechargeable Magic Wand Vibrator,LZDUATAN,6307.0,11645.0,4.2,45.84
health-beauty,Kiki New Gain Rechargeable Hair Clipper Cordless Clipper  And Barbing Kits,Kiki,18600.0,30000.0,4.0,38.0
health-beauty,Oraimo oraimo Smart Trimmer 2 Long Lasting Battery Trimmer,Oraimo,13144.0,34782.0,4.3,62.21
health-beauty,Pure Black Long Lasting Perfume-100ML,Pure,3999.0,5000.0,3.7,20.02
health-beauty,NIVEA Radiant & Beauty Advanced Care Body Lotion For Women - 400ml,NIVEA,5270.0,5820.0,4.0,9.45
health-beauty,Huameisi USB Wireless Rechargeable Hair Clippers 2000mAh Professional Hair Cutting Tools Battery Display,Huameisi,15550.0,25172.0,3.9,38.23
health-beauty,L'Uodais Hair Repair Oil Serum + NO°5  Noir + Curl Keeper Spray,L'Uodais,5999.0,10000.0,4.1,40.01
health-beauty,"NIVEA MEN Deep Anti-Perspirant Roll-on For Men, 72h - 50ml",NIVEA,1850.0,2045.0,4.2,9.54
health-beauty,TOUPHY Hair Clipper/Rechargeable Hair Trimmer/Shaving Machine,TOUPHY,13571.0,25654.0,3.9,47.1
health-beauty,Anua Niacinamide 10% + TXA 4% Dark Spot Correcting Serum 1.01 Fl.oz / 30ml,Anua,5693.0,5750.0,3.7,0.99
health-beauty,Givanas 100%  CARBBEAN VANILLA PERFUME,Givanas,3999.0,5000.0,3.7,20.02
health-beauty,Biore Wonderful UV Aqua Rich Watery Essence Sunscreen SPF 50 (50ml)--2PCS,Biore,5741.0,10000.0,4.1,42.59
health-beauty,Grey De Kouroun Wishbone Perfume,Grey,2499.0,5000.0,3.9,50.02
health-beauty,Cerave Acne Control Cleanser With 2% Salicylic Acid 237ml,Cerave,3995.0,30000.0,3.8,86.68
health-beauty,SADOER 8pcs Fruit Face Mask & Anti Wrinkle Moisturizing Skin Care,SADOER,2599.0,9999.0,4.3,74.01
health-beauty,Biore UV Aqua Rich Watery Essence Sunscreen SPF 50 (50ml),Biore,2999.0,7000.0,4.2,57.16
health-beauty,"Anti Blue Rays,Anti Blue Light Blocking Glasses",Anti,2495.0,9000.0,3.9,72.28
health-beauty,"NIVEA Black & White Invisible Original Anti-Perspirant Spray For Men, 48h - 200ml (Pack Of 2)",NIVEA,7485.0,9595.0,4.4,21.99
health-beauty,itel  IHC-31 Multifunction Rechargeable Hair Clipper,itel,15939.0,17055.0,4.1,6.54
health-beauty,TOUPHY Rechargeable Hair Clipper Hair Cutting Machine Hair Trimmer,TOUPHY,4582.0,12545.0,3.8,63.48
health-beauty,Hot Hair Straightener Comb,Hot,6899.0,10000.0,3.6,31.01
health-beauty,Derma Roller Dermaroller Beards Face Hair Growth Micro Needle Skin Derma Roller 0.5mm,Derma,2718.0,8000.0,4.1,66.03
health-beauty,Kiki NewGain Rechargeable Hair Cordless Clipper NG-777,Kiki,15500.0,129000.0,4.0,87.98
health-beauty,Yandou Rechargeable Hair Shaver,Yandou,6800.0,39000.0,3.9,82.56
health-beauty,Disaar Moisturizing Vitamin C Body Oil Gel For All Skin 200ml,Disaar,4350.0,9000.0,4.0,51.67
groceries,Knorr Beef Bouillon Seasoning Cubes 50X8g,Knorr,1900.0,2115.0,4.5,10.17
groceries,Uto Jollof & Stew Seasoning 10g (10 Pcs),Uto,1650.0,1650.0,4.5,0.0
groceries,15cm Rechargeable Electric Gas Lighter,15cm,5700.0,5700.0,4.6,0.0
groceries,WAW ALL PURPOSE CLEANER ROSE 1Litre,WAW,2200.0,2275.0,4.0,3.3
groceries,Uto Chicken Seasoning 10g (10 Pcs),Uto,1650.0,1650.0,4.5,0.0
groceries,Nittol Antibacterial Detergent 800g,Nittol,1616.0,1616.0,4.5,0.0
groceries,Big Bull  Rice 25Kg,Big,37800.0,40000.0,4.6,5.5
groceries,Big Bull DIAMOND RICE 50KG,Big,81100.0,85000.0,5.0,4.59
groceries,Big Bull  Rice 5Kg,Big,9500.0,10000.0,4.8,5.0
groceries,Knorr Beef Bouillon Seasoning Cubes 50X8g Triple Pack,Knorr,5575.0,6340.0,4.2,12.07
groceries,Terra  Premium Chicken 80pieces x 1,Terra,1500.0,1600.0,4.5,6.25
groceries,Knorr Triple Goodness Combo Pack,Knorr,5310.0,6480.0,4.3,18.06
groceries,Toilet Fragrance Bowl Flower Cleaner - Gel Air Freshener,Toilet,1999.0,5000.0,3.7,60.02
groceries,WAW ALL PURPOSE CLEANER SPRINGMOUNT 1Litre,WAW,2200.0,2275.0,4.1,3.3
groceries,Electric Arc Ignition Stick – USB Type-C Rechargeable Flameless Device,Electric,5300.0,5300.0,4.8,0.0
groceries,Hennessy VS Cognac - 700ml,Hennessy,47368.0,52105.0,4.6,9.09
groceries,Peak  Full Cream 400g X1 Tin,Peak,7280.0,8000.0,3.0,9.0
groceries,Nestle Golden Morn Grainsmart 600g,Nestle,3300.0,3300.0,4.3,0.0
groceries,Bombay Sapphire London Dry Gin 75cl,Bombay,14500.0,24013.0,4.8,39.62
groceries,Golden Terra REFINED VEGETABLE OIL 25L,Golden,75400.0,80000.0,4.8,5.75
groceries,WAW LIQUID DETERGENT 1Litre,WAW,3300.0,3470.0,4.4,4.9
groceries,Big Bull  Rice 10Kg,Big,18200.0,20000.0,4.0,9.0
groceries,Nestle Maggi Cube 100 x 4g,Nestle,1660.0,1660.0,4.2,0.0
groceries,Royal Circle Whisky 750ml x1,Royal,6545.0,7592.0,4.6,13.79
groceries,Nittol Antibacterial Detergent 160g,Nittol,354.0,354.0,3.1,0.0
groceries,Martini Rosso Red Vermouth Aperitivo 100cl,Martini,8999.0,14674.0,4.4,38.67
groceries,Bacardi Carta Oro Superior Gold Rum 75cl,Bacardi,12999.0,19212.0,4.6,32.34
groceries,"Toilet Blue Cleaner, Disinfectant And Fragrance",Toilet,2600.0,6500.0,4.2,60.0
groceries,Transparent Ziplock Food Storage Bag 4 Sizes- 400pcs,Transparent,3342.0,6683.0,1.0,49.99
groceries,Knorr Jollof Combo - Chicken and Beef,Knorr,3780.0,4300.0,4.8,12.09
groceries,Monster Can Green 44cl x24,Monster,20700.0,24316.0,4.8,14.87
groceries,Tropical Sun Virgin Coconut Oil - 480ml,Tropical,13000.0,13000.0,4.7,0.0
groceries,Patriot Rice 50Kg,Patriot,72600.0,80000.0,3.8,9.25
groceries,"Gas Lighter With Spark Technology, Ignite Electronic",Gas,3999.0,6890.0,4.1,41.96
groceries,Big Bull  Rice 750g,Big,1500.0,2000.0,3.2,25.0
groceries,Daalu Low-Fat Mayonnaise 750ML (Single Tub),Daalu,5000.0,5000.0,3.9,0.0
groceries,Toilet Fragrance Bowl Flower Cleaner - Gel Air Freshener,Toilet,2050.0,5000.0,3.5,59.0
groceries,"Uto Real Mayonnaise 750ML (Single Tub + Free 10grams Chicken, Jollof & Stew Seasoning)",Uto,6000.0,6000.0,4.7,0.0
groceries,Peak Back To School Offer 01,Peak,10334.0,11000.0,,6.05
groceries,Rechargeable Electric Lighter Windproof Cigar Smoke Lighter,Rechargeable,7500.0,12000.0,3.7,37.5
groceries,WAW ALL PURPOSE CLEANER LAVENDER 1Litre,WAW,2200.0,2275.0,4.1,3.3
groceries,Absolut Vodka Raspberri 100cl,Absolut,16571.0,18228.0,4.3,9.09
groceries,Martini Extra Dry Vermouth Aperitivo 100cl,Martini,8999.0,14674.0,4.2,38.67
groceries,Nestle Golden Morn Grainsmart 900g,Nestle,5280.0,5280.0,4.3,0.0
groceries,Weed + Herb Spice Weed Crusher - 1 Pcs,Weed,2999.0,2999.0,5.0,0.0
groceries,Orijin Bitters 20cl x24,Orijin,22778.0,26422.0,4.5,13.79
groceries,Harpic Toilet Cleaner: Mountain Pine (Pack Of 2)  - 725ml,Harpic,8905.0,10495.0,4.5,15.15
groceries,Ciroc Original 1L,Ciroc,43654.0,43654.0,4.0,0.0
groceries,Wind Gel Summer Breeze Oval 50Gr (Wind),Wind,575.0,575.0,4.3,0.0
groceries,Golden Penny Spaghetti -500g,Golden,14400.0,14900.0,4.7,3.36
groceries,Latyf White Vinegar 350ml X 3,Latyf,3000.0,3000.0,4.8,0.0
groceries,Johnnie Walker Black Label 70cl.,Johnnie,42000.0,46200.0,5.0,9.09
groceries,Rechargeable Electric Arc Lighter Pulse Igniter BBQ Kitchen Gas Stove Candle With Inbuilt Battery,Rechargeable,6500.0,8999.0,4.9,27.77
groceries,Sponge Scouring Pads Dish Washing Scrubber - 2pcs,Sponge,1999.0,10000.0,3.7,80.01
groceries,Camino Real Gold Tequila 75cl,Camino,13999.0,25207.0,4.5,44.46
groceries,Wind Strawberry Block Air Freshener - 65g (Wind),Wind,468.0,468.0,4.4,0.0
groceries,Aromatic Toilet Gel Fragrance/Airfreshner,Aromatic,4999.0,4999.0,2.0,0.0
groceries,Golden Terra  Soya Oil 25L (Keg),Golden,77200.0,80000.0,4.9,3.5
groceries,20pcs Multipurpose Nitrile Gloves,20pcs,5670.0,13122.0,5.0,56.79
groceries,Knorr Chicken Seasoning Cubes 50x8g x 14 (1 carton),Knorr,26870.0,30535.0,5.0,12.0
groceries,Nestle Maggi Crayfish Tablet Fort Seasoning Powder 60x10g,Nestle,3630.0,3630.0,4.6,0.0
groceries,Absolut Vodka Original - Blue 20cl,Absolut,3655.0,3655.0,4.2,0.0
groceries,Topcafe 3-in-1 Creamy White Coffee Mix  30g x 10 Sachet (1 Pack),Topcafe,1964.0,2200.0,,10.73
groceries,Toilet Flower Deodorant Cleaning Gel - Toilet Fragrance - 2pcs,Toilet,6500.0,6500.0,,0.0
groceries,Torch Gun Lighter Adjustable Flame Refillable,Torch,4900.0,4900.0,4.0,0.0
groceries,PEPPE Terra Cooking Paste Multi Serve 180g X 6,PEPPE,4200.0,4500.0,5.0,6.67
groceries,Golden Terra Soya Oil 3L X 1,Golden,11800.0,14000.0,4.6,15.71
groceries,Golden Penny Honeywell Macaroni Cavato,Golden,5905.0,6300.0,,6.27
groceries,Golden Terra SMART BALANCE VEGETABLE OIL 750ML X 1,Golden,4100.0,4500.0,3.0,8.89
groceries,Toilet Flower Deodorant Cleaning Gel Toilet Deodorant,Toilet,4999.0,4999.0,4.0,0.0
groceries,Golden Terra  Soya Oil 1.4L,Golden,6300.0,8500.0,5.0,25.88
groceries,ActiveO Bedbug & Insect Killer With Diatomaceous Earth ~ 300g,ActiveO,12000.0,12000.0,3.6,0.0
groceries,Patron Reposado Tequila 70cl,Patron,39999.0,65593.0,5.0,39.02
groceries,Toilet Flower Deodorant Cleaning Gel - Toilet Fragrance - 3pcs,Toilet,8500.0,8500.0,5.0,0.0
groceries,Moi Moi Pouches - 25/50/100 PC's,Moi,9000.0,10000.0,4.5,10.0
groceries,Don Royale Dry Gin 75Cl,Don,5371.0,6230.0,4.2,13.79
groceries,Moi Moi Pouch 50pcs,Moi,8000.0,8000.0,4.3,0.0
groceries,Airwick 2pcs Airwick Automatic Spray Refill,Airwick,6400.0,6400.0,4.6,0.0
groceries,Rust Remover Stainless Steel Pot Pan Dirt Cleaner,Rust,3500.0,13500.0,4.3,74.07
groceries,Morning Fresh DISHWASHING LIQUID MIX AND MATCH- 200ML,Morning,3125.0,3300.0,4.4,5.3
baby-products,Molfix Midi Diaper Size 3 Small Pack - 9 x1,Molfix,1207.0,1207.0,4.2,0.0
baby-products,Kisskids Baby Wet Wipes,Kisskids,1200.0,1500.0,5.0,20.0
baby-products,Molfix Midi Baby Pants Size 3 Small Pack - 9 x1,Molfix,1621.0,1621.0,4.0,0.0
baby-products,Kisskids Diapers Eco Size 3 50X1,Kisskids,6100.0,7000.0,4.7,12.86
baby-products,Baby Toilet Seat  Aid Cushion-Pink,Baby,3970.0,7548.0,4.7,47.4
baby-products,2 In 1 Absorbent Towels -Big And Small,2,6499.0,6499.0,3.7,0.0
baby-products,Intelligent Cactus Interactive Learning and Musical Toy,Intelligent,7250.0,24750.0,4.4,70.71
baby-products,Catpapa 3-24 Months Baby Boy Summer Plain Color Cotton Clothes Set,Catpapa,11468.0,22499.0,3.9,49.03
baby-products,0-3 Years Baby Boys Summer Clothes Set MINI BOSS Short Sleeve Tops Ripped Shorts,0-3,9653.0,26800.0,3.8,63.98
baby-products,Baby Toilet Seat  Aid Cushion-Green,Baby,6631.0,8747.0,3.9,24.19
baby-products,Patterned Convenient Baby Bed With Net,Patterned,10100.0,10100.0,4.1,0.0
baby-products,5pcs Mother Bag With Diaper Pad Large Capacity Nursing Bag,5pcs,12010.0,21700.0,3.9,44.65
baby-products,"11 Pieces New Born Overall Sleep Suits, Bib, Flannel,cap.",11,11000.0,11000.0,4.3,0.0
baby-products,Foldable 3-in-1 Diaper Bag Mother And Baby Bag With USB Charging - Gray,Foldable,22630.0,31140.0,3.9,27.33
baby-products,Baby Bath Set - 7pcs - Mint Green,Baby,16699.0,17000.0,4.3,1.77
baby-products,Catpapa 0-18Months Baby Boys Round Neck Vest With Shorts,Catpapa,6690.0,18960.0,5.0,64.72
baby-products,Catpapa 0-18Months Baby Girls Mesh  Neck Bodysuit With Headband,Catpapa,6625.0,20800.0,4.0,68.15
baby-products,Baby Girls Outfit Set Letter Short Sleeves Bodysuit Polka Dot Shorts Headband,Baby,10570.0,19375.0,4.2,45.45
baby-products,Catpapa 0-18Months Baby Girls  Bodysuit With Shorts And Headband,Catpapa,6625.0,20800.0,4.2,68.15
baby-products,Willbaby 6-ways Adjustable Ergonomic Baby Carrier (3.5-13kg),Willbaby,18500.0,18500.0,4.3,0.0
baby-products,HOT Automatic Portable Silicon Milk Pump Wireless Rechargeable Single Electric Breast Pump,HOT,20540.0,23700.0,4.0,13.33
baby-products,"Brand New Anti-leakage Diapers, Adjustable Cloth Diapers-M",Brand,28000.0,35000.0,4.0,20.0
baby-products,150ML 2 In 1 Massage Manual Breast Pump/Nursing Mother Breast Milk Pump,150ML,8995.0,9500.0,3.5,5.32
baby-products,Bottle Warmer Milk Heat Keeper USB,Bottle,10257.0,19781.0,3.7,48.15
baby-products,Catpapa 0-18Months Baby Girls Flower Printing Bodysuit With Headband,Catpapa,6625.0,20800.0,4.2,68.15
baby-products,Catpapa 1-18Months Baby Girls Letter Print Romper With Shorts,Catpapa,7072.0,20800.0,3.4,66.0
baby-products,Catpapa 3-24Months Baby Girls Mesh Neck Dress,Catpapa,7072.0,20800.0,3.5,66.0
baby-products,Hands free single and double-sided wearable silent electric br east pump,Hands,25246.0,44950.0,3.3,43.84
baby-products,Catpapa 0-12Months Baby Girl 2pcs Flower Print Bodysuit + Mesh Skirt,Catpapa,6360.0,20800.0,3.6,69.42
baby-products,10 In 1 Unisex New Born Bodysuits Gift Pack (0-9mths),10,11300.0,11300.0,3.9,0.0
baby-products,Catpapa 0-6Months Baby Girls Lace Heart Shape Print Dress,Catpapa,7072.0,20800.0,4.5,66.0
baby-products,Baby Carrier Travel Baby Wrap Carrier/Baby Carrier,Baby,10800.0,16700.0,3.9,35.33
baby-products,Baby Walker With And Music,Baby,36000.0,36000.0,4.1,0.0
baby-products,Baby Bed With Free Carrier And Bag With Mosquito Net,Baby,14300.0,14300.0,3.2,0.0
baby-products,Breast Pad  6 Washable Pads Includes Laundry Bag,Breast,2800.0,2800.0,3.6,0.0
baby-products,10 Pcs Baby Care Kit*,10,7500.0,7500.0,4.1,0.0
baby-products,Baby Bath Set And Bed Net BathTowel Baby Socks And Cap-Blue,Baby,39800.0,43800.0,4.3,9.13
baby-products,"Catpapa 3-24 month baby girl summer/winter dress with hairband, flowing cuffs, and cartoon rabbit print.",Catpapa,7359.0,20150.0,3.7,63.48
baby-products,"BB-P1 Wearable Electric Breast Pump 240ml,24mm Flange,1 Set",BB-P1,68463.0,68463.0,4.4,0.0
baby-products,Convertible   Multi-functional  Safe 2 In 1 Baby  Walker,Convertible,49000.0,49000.0,4.6,0.0
baby-products,6 Pieces In A Pack - Babies Multi Coloured Singlet With Pant,6,6700.0,6700.0,3.0,0.0
baby-products,Baby head protection cap,Baby,6000.0,6000.0,,0.0
baby-products,Catpapa 3Pcs 0-24Months Baby Girls Tees With Shorts And Headband,Catpapa,8294.0,20540.0,4.8,59.62
baby-products,Convenient Baby Bed- Multi Colour,Convenient,10500.0,10500.0,3.9,0.0
baby-products,Electric Hands Free Breast Pump Wearable Breast Pump,Electric,28000.0,28660.0,4.4,2.3
baby-products,Catpapa 0-5Years Baby Girls Long Sleeve Tees With Skirt,Catpapa,9939.0,20540.0,3.7,51.61
baby-products,Catpapa 3-18Months Baby Boys  Bodysuit With Overall And Hat,Catpapa,8818.0,20150.0,4.4,56.24
baby-products,Postpartum Breast Pump Manual High Suction Milking Machine,Postpartum,6636.0,47400.0,4.5,86.0
baby-products,2 Pairs Of Baby Crawling Knee Pads Knee Protectors -,2,3490.0,3490.0,4.2,0.0
baby-products,Baby Boy Booties Gift Set Of 6 Pieces - Multicolour,Baby,6500.0,6500.0,4.7,0.0
baby-products,Waterproof Multipurpose Foldable Baby Bed And Diaper Bag,Waterproof,19500.0,19500.0,4.0,0.0
baby-products,Catpapa 0-18Months Baby Girls Flower Printing Bodysuit With Headband,Catpapa,6625.0,20800.0,4.3,68.15
baby-products,Catpapa 3Pcs 1-12Months Baby Girls Bodysuit With Pants And Headband,Catpapa,9653.0,20540.0,3.5,53.0
baby-products,Catpapa Baby Boy 2pcs Yellow T-shirt With Black Shorts,Catpapa,6690.0,20800.0,3.5,67.84
baby-products,Adjustable Soft Baby Safety Anti-Fall Head Protector Crash Helmet Pillow - Ash,Adjustable,6500.0,9500.0,5.0,31.58
baby-products,Catpapa Baby Girls Dress With White Lace + Headband Daisy Printing,Catpapa,5776.0,19630.0,4.8,70.58
baby-products,Sleeveless Baby Girl Big Bow Dress Printed Cotton 2-piece Set With Visor—spliced Circle Set,Sleeveless,6575.0,12943.0,3.8,49.2
baby-products,golden glow Goldenglow Exfoliating Shower gel (1pics),golden,12500.0,12500.0,3.6,0.0
baby-products,Catpapa 3-24Months Baby Girl Cartoon Pringting T-Shirt With Overalls,Catpapa,7602.0,20540.0,4.7,62.99
baby-products,Newborn Baby Bottle Starter Set - Blue,Newborn,6500.0,8000.0,4.0,18.75
baby-products,Catpapa 0-3Years Baby Girls Letter Printing Hoodie With Jogger Pants,Catpapa,6625.0,20800.0,4.8,68.15
baby-products,Baby Food Milk Bottle Warmer Feeding Thermostat,Baby,7600.0,15580.0,3.1,51.22
baby-products,Feeding Pillow Baby Nursing Pillows For Newborn Breastfeeding,Feeding,8500.0,8500.0,4.1,0.0
baby-products,Folding Ladder Toilet Trainer With Ladder And PU Pad - Blue,Folding,19980.0,28960.0,4.4,31.01
baby-products,Catpapa 0-2Years Baby Girls Long Sleeve Dress Solid Color,Catpapa,6625.0,20800.0,3.5,68.15
baby-products,10 In 1 Unisex New Born Gift Pack (Bodysuits) - Pink Variant,10,10999.0,10999.0,3.9,0.0
baby-products,"USB electric nasal cleaner, 3 adjustable suction levels, 4 modes, 3 silicone heads, portable design suitable for home use",USB,17270.0,26580.0,,35.03
baby-products,Catpapa 0-18Months Baby Girls Mesh Neck Bodysuit With Headband,Catpapa,6625.0,20800.0,4.1,68.15
baby-products,Catpapa 2Pcs 6-24Months Baby Boys Checkerboard Bodysuit,Catpapa,6625.0,20800.0,4.8,68.15
baby-products,Catpapa 0-18Months Baby Boys Short Sleeve Tees With Shorts,Catpapa,8294.0,20540.0,5.0,59.62
baby-products,Portable  Insulated Thermal Lunch Bag,Portable,3199.0,5000.0,3.1,36.02
baby-products,Baby Bath Set 7pcs - Blue + Baby Bed Net - Blue,Baby,28700.0,28700.0,5.0,0.0
baby-products,LBQ Waterproof Large Capacity Baby Bag Maternity Folding Backpack Portable Handbag,LBQ,17850.0,26400.0,4.1,32.39
baby-products,4in1 Silicone Baby Feeding Set,4in1,7454.0,15800.0,4.8,52.82
baby-products,"30Pcs Breast Milk  Storage Bags, Freezable Portable Self Standing Pre-Sterilised Leakproof Baby Milk Bag-250ml",30Pcs,6547.0,12400.0,5.0,47.2
baby-products,Electric Music Rocking Chair For Soothing Babies Aged 0-1,Electric,28360.0,40560.0,4.4,30.08
baby-products,"Baby Multifunctional Maternity Bag,Large Capacity Baby Care Bag",Baby,18460.0,25850.0,4.0,28.59
baby-products,Catpapa 3-24Months Baby Girls Long Sleeved Shirt With Pants  Letter Printing,Catpapa,6625.0,20800.0,4.0,68.15
baby-products,Catpapa 0-3Years Baby Boys Long Sleeve Shirt With Pants,Catpapa,6625.0,20800.0,4.7,68.15
baby-products,Baby Walker With  Music,Baby,78000.0,78000.0,4.3,0.0
gaming,Gaming Havit Gaming Keyboard RGB Wired Full Key,Gaming,29990.0,46900.0,4.0,36.06
gaming,Gaming Havit Gaming Headphones With Noise-cancelling Mic 3.5MM (H2008D),Gaming,59990.0,95000.0,4.0,36.85
gaming,Gaming Single Wireless Joystick Pad Game Controller For PC Laptop Desktop Computer,Gaming,10399.0,10399.0,,0.0
gaming,Gaming MDI STEALTH 14,Gaming,2000000.0,2000000.0,,0.0
gaming,Gaming RGB Smart Wired Gaming Keyboard PC Laptop Gaming Tablet And Phones,Gaming,25000.0,70000.0,3.0,64.29
gaming,Gaming FURGLE PRO SERIES  CHAIR WITH FOOTREST,Gaming,265000.0,270000.0,5.0,1.85
gaming,Gaming Single Wireless Joystick Pad Game Controller For PC Laptop Desktop Computer,Gaming,11200.0,11200.0,4.3,0.0
gaming,"Gaming  carbon fiber gamingfingertips, non-slip fingertips for esports PUBG mobile games, touchscreen gamingconductive fingertips",Gaming,2600.0,2600.0,,0.0
gaming,"Gaming COMFORTABLE Executive Workspace Office ERGONOMIC Gaming Chair - Studio, Programmers Chair,Trading Computer Managers Chair - Best Directors Chair for Men with Lumber Support and Massage-Chair for Back Pain Relief",Gaming,259040.0,259040.0,,0.0
gaming,Gaming Sand And Water Table Play,Gaming,31250.0,31250.0,,0.0
gaming,Gaming Snooker Table Game,Gaming,17770.0,17770.0,,0.0
sport-fitness,Adjustable Jump Skipping Rope Cable For Adults/Kids,Adjustable,3168.0,5000.0,4.1,36.64
sport-fitness,1 Pair Sun-proof Ice Sleeves Breathable Solid Color Elastic Sports Gloves Summer Arm Cover Outdoor Ice Cuffs For Bicycle Riding armsleeves,1,1980.0,5000.0,4.1,60.4
sport-fitness,Tummy Trimmer Abs Workout Tool For Fast Flat Tummy,Tummy,6300.0,10000.0,4.0,37.0
sport-fitness,Men'S Trendy Men's Outdoor Sport Lace-up Casual Comfortable Sneakers - Black - Size,Men'S,7615.0,19999.0,3.7,61.92
sport-fitness,Finger Fist Keychain Alarm,Finger,32000.0,40000.0,5.0,20.0
sport-fitness,Fingerless Gloves With Hard Knuckle Anti-Slip Adjustable,Fingerless,6689.0,14188.0,4.4,52.85
sport-fitness,Hunting Laser Slingshot With Level High Precision Instrument Outdoor Catapult,Hunting,17996.0,22120.0,3.7,18.64
sport-fitness,Half Finger Cycling Gloves Anti-skid Wear-resistant,Half,4519.0,8690.0,3.6,48.0
sport-fitness,15KG Dumbbell Set With Barbell Extension,15KG,29995.0,70000.0,4.3,57.15
sport-fitness,Men'S Men's Simple Casual Outdoor Quality Shoe - 2025 Fashion Sneakers - Black,Men'S,7615.0,29999.0,3.7,74.62
sport-fitness,Jones Wears High As Hell Customized Hoodie,Jones,6185.0,6499.0,3.7,4.83
sport-fitness,Adjustable Jump Skipping Rope Cable For Adults/Kids,Adjustable,3167.0,5000.0,4.1,36.66
sport-fitness,Half-Finger Gloves Tactical Non-slip Adjustable,Half-Finger,4970.0,11092.0,3.7,55.19
sport-fitness,Tummy Trimmer Abs Workout Tool For Fast Flat Tummy,Tummy,6533.0,8000.0,3.8,18.34
sport-fitness,Waist Trainer Unisex Tummy Belt/tummy Wrap,Waist,6500.0,8000.0,3.8,18.75
sport-fitness,Halloween Costume Party Masks,Halloween,18554.0,27203.0,,31.79
sport-fitness,Car Smart GPS Locator,Car,28458.0,66325.0,4.0,57.09
sport-fitness,Men'S Simple Casual Comfortable Easy Wear Office Shoes - Size  - Black,Men'S,14000.0,14000.0,3.8,0.0
sport-fitness,Men's LED Glow Digital Watch - Stylish Design- Silver,Men's,3248.0,13253.0,3.8,75.49
sport-fitness,3 In 1 Men's Singlet,3,5300.0,5300.0,3.3,0.0
sport-fitness,Adjustable Jump Skipping Rope Cable For Adults/Kids,Adjustable,3098.0,5000.0,4.2,38.04
sport-fitness,PEARLZIE Flask Vacuum Water Bottle With Strap Silicon Cover 400ml,PEARLZIE,2969.0,2999.0,3.5,1.0
sport-fitness,Men'S Men's Cheap Simple Casual Sport Jogging Shoes - Running Canvas - Size - Black,Men'S,7999.0,7999.0,3.4,0.0
sport-fitness,Men's LED Glow Digital Watch - Stylish Design,Men's,3248.0,13253.0,3.6,75.49
sport-fitness,20KG Dumbell Set Adjustable Dumbbells Set Weights With Barbell Extension,20KG,55935.0,95000.0,4.5,41.12
sport-fitness,Fishing fan-shaped net cage folding shrimp cage fishing net ground net fish cage to catch fish eel lobster only out of the shrimp,Fishing,25994.0,39060.0,,33.45
sport-fitness,Large 75CM Big Size Premium Exercise GYM Yoga Ball Fitness Pregnancy Birthing + Free Pump,Large,9400.0,30000.0,4.5,68.67
sport-fitness,sit up bar with Rope for exercise strong suction base,sit,30499.0,46000.0,4.4,33.7
sport-fitness,"addigoes Adjustable PVC Skipping Jump Ropes 2.8m – Professional Fitness, Weight Loss, Sports Training for Adults & Kids",addigoes,2685.0,9688.0,3.8,72.29
sport-fitness,9 In 1 Push Up Rack Board Fitness Exercise BodyBuilding Tool,9,14500.0,20000.0,4.2,27.5
sport-fitness,Skull Horror Helmet Mask,Skull,21437.0,27900.0,5.0,23.16
sport-fitness,Men'S Vintage Outdoor Fashion Unisex Running Casual Sneakers – Easy Wears Canvas,Men'S,7999.0,18999.0,4.0,57.9
sport-fitness,Pipe Leak Detector Anti-bugging Device,Pipe,24253.0,39816.0,4.5,39.09
sport-fitness,Welding Protective Mask,Welding,25740.0,31350.0,4.0,17.89
sport-fitness,Magic Flying Orb Toys With Lights Hover Boomerang,Magic,25999.0,26015.0,,0.06
sport-fitness,3 In 1 Cotton Singlet Men Underwear Multicolour,3,6500.0,6500.0,4.0,0.0
sport-fitness,Posture Corrector Back Brace Support Waist Adjustable Unisex,Posture,6990.0,11650.0,3.7,40.0
sport-fitness,3 IN 1 Multi Functional Backpack With USB Slot Black,3,8027.0,19039.0,3.2,57.84
sport-fitness,GALUIN Men's outdoor breathable sports professional spikes youth football shoes-Blue,GALUIN,13485.0,21158.0,3.3,36.27
sport-fitness,Ice Sleeve Compression Arm Sleeve Unisex-black,Ice,1999.0,4000.0,3.7,50.02
sport-fitness,9 In 1 Push Up Rack Board Fitness Exercise BodyBuilding Tool,9,13950.0,20463.0,4.4,31.83
sport-fitness,"TIMBUTUS Sports Water Bottle, With Tea Infuser, 1300ML/44 OZ Plastic Water Cups, Outdoor Sports Bottle",TIMBUTUS,6280.0,7034.0,4.3,10.72
sport-fitness,Lit Men's Fashion Sports Outdoor Running Sneakers - Sports Shoes -,Lit,19999.0,19999.0,4.1,0.0
sport-fitness,"Men's Industrial Safety Boots With Steel Toe, Kevlar Midsole",Men's,63000.0,65000.0,4.3,3.08
sport-fitness,"Half Finger Cycling, Gym Hand Gloves",Half,6995.0,10500.0,4.2,33.38
sport-fitness,15KG Dumbbell Set With Barbell Extension,15KG,29995.0,150000.0,4.5,80.0
sport-fitness,Men'S Sneakers - 2024 Sneakers - Breathable Trainers Running Canvas - Black,Men'S,7999.0,18000.0,3.8,55.56
sport-fitness,LED Light Headlamps Rechargeable Outdoor Flashlight,LED,5400.0,5400.0,3.5,0.0
sport-fitness,Men'S Black Casual Outdoor Sneakers - Comfortable Running Quality Fashion Shoes Canvas,Men'S,11999.0,11999.0,4.2,0.0
sport-fitness,Men'S Nice Looking Shoe For Both Men And Women – Unisex Shoes,Men'S,7999.0,12000.0,4.8,33.34
sport-fitness,Mens Formal Office Meeting Fitting Shoe,Mens,9999.0,15000.0,3.7,33.34
sport-fitness,Strong Light Flashlight Rechargeable 1200 Capacity Battery,Strong,4931.0,11186.0,3.9,55.92
sport-fitness,Ladies Everything Women's Simple Casual Outdoor Sport Canvas - 2023 Fashion Sneakers - Black,Ladies,7999.0,12000.0,3.2,33.34
sport-fitness,Jones Wears Plain Quality Hoodie (Black),Jones,9490.0,10000.0,3.9,5.1
sport-fitness,Adjustable Jump Skipping Rope Cable For Adults/Kids,Adjustable,3129.0,5000.0,4.1,37.42
sport-fitness,Anua - Niacinamide 10% + TXA 4% Dark Spot Correcting Serum,Anua,5300.0,30000.0,3.6,82.33
sport-fitness,Double Pole Sit-up Aid Exercise Device For Tummy Reduction,Double,13500.0,22000.0,4.6,38.64
sport-fitness,Vangelo VANGELO  BUKKLE CHAIN  DESIGNERS SHOE BLACK,Vangelo,23980.0,29800.0,4.3,19.53
sport-fitness,All-in-one Telescopic Fishing Rod Kit,All-in-one,48600.0,49600.0,,2.02
sport-fitness,Men's LED Glow Digital Watch - Stylish Design,Men's,3248.0,13253.0,4.0,75.49
sport-fitness,Men'S 2024 Simple Casual Canvas For Men - Outdoor Fashion Shoes - Black,Men'S,7999.0,29999.0,3.4,73.34
sport-fitness,Mens Running School Foot Wear Trainers Sport Sneakers Shoe,Mens,7999.0,10000.0,3.4,20.01
sport-fitness,"addigoes Outdoor Sports Waist Bag for Running, Cycling & Fitness | Lightweight, Adjustable Fit, Multi-Compartment Storage, Durable Fabric, Great Value",addigoes,1638.0,5888.0,3.7,72.18
sport-fitness,iYOWEI Super Clear View Swimming Goggles,iYOWEI,4817.0,13980.0,4.1,65.54
sport-fitness,Jones Wears Simpson Feelings Printed Casual Short Black,Jones,7999.0,20000.0,3.8,60.0
sport-fitness,Body Shaper Waist Trainers Sweat Sauna Pants Body Shaper Slimming Pants,Body,12000.0,12000.0,5.0,0.0
sport-fitness,11x/Set Resistance Bands Workout Bands Elastic Fitness Exercise Training Tubes,11x/Set,12995.0,24500.0,4.1,46.96
sport-fitness,Women's Body Shaper Waist Trainer Tummy Wrap Slimming Belt,Women's,6900.0,8888.0,,22.37
sport-fitness,Men's Sneakers Soft Mesh - New Casual Walking Sport Shoes- Black Canvas,Men's,7999.0,28000.0,3.6,71.43
sport-fitness,Men'S White Casual Outdoor Quality Shoes - Fashion Sport White Simple Running Sneakers,Men'S,7999.0,7999.0,3.8,0.0
sport-fitness,1000ML Stainless Steel Thermo Bottle with Rope,1000ML,7890.0,12000.0,4.4,34.25
sport-fitness,WIFINIT Adjustable Jump Skipping Rope Cable For Adults/Kids,WIFINIT,2953.0,7550.0,5.0,60.89
sport-fitness,Shooting Games Infrared Laser Long Pole Slingshot,Shooting,48848.0,64800.0,1.0,24.62
sport-fitness,Handshake Handgrip Gripper Fitness Hand Exercise Grip Kit,Handshake,6594.0,16900.0,4.7,60.98
sport-fitness,Men'S Men's Simple Casual Comfortable Easy Wear Fancy Shoes - Size  - Black,Men'S,7999.0,28000.0,3.8,71.43
sport-fitness,SATISFAIT SATISFAIT: 3 In1 Multi Functional School Backpack With USB Slot-Black,SATISFAIT,9900.0,23760.0,3.4,58.33
automobile,"Holder Portable Phone Holder Mobile IPhone, Smart Phones (Foldable)",Holder,2700.0,5000.0,3.9,46.0
automobile,"Mythco Cordless Portable 300W Pressure Washer, 6 In 1 Nozzle",Mythco,33448.0,64139.0,3.9,47.85
automobile,2Pcs Glass Repair Fluid Car Window Glass Crack Repair Fluid,2Pcs,18000.0,25164.0,5.0,28.47
automobile,1080P HD Mini Camera WiFi Wireless HD Night Vision Camera,1080P,26000.0,40192.0,4.0,35.31
automobile,Rayhong Vehicle Engine Catalytic Converter Cleaner,Rayhong,5450.0,10000.0,4.3,45.5
automobile,"Holder Portable Phone Holder Mobile IPhone, Smart Phones(Long)",Holder,3267.0,5000.0,3.7,34.66
automobile,Car Battery Charger 12V 6A Smart Fully Automatic,Car,21427.0,36753.0,4.2,41.7
automobile,Universal Laser Carbon Fiber Pattern Steering Wheel Cover,Universal,35550.0,41870.0,,15.09
automobile,Car Battery Charger 12V / 6A Automatic Smart Battery Charger,Car,14258.0,31442.0,4.2,54.65
automobile,Space-Saving Car Multi-Function Backrest Storage Box,Space-Saving,24776.0,25526.0,4.7,2.94
automobile,Charging Emergency Fixture Light 20W 17cm/6.69in Cool White,Charging,3058.0,5990.0,3.3,48.95
automobile,Vehicle Engine Catalytic Converter Cleaner,Vehicle,4999.0,40000.0,3.3,87.5
automobile,925pcs Car Retainer Clips & Fastener Remover,925pcs,30000.0,35200.0,,14.77
automobile,Full Turban Riding Breathable Cool Black Mask,Full,3644.0,6215.0,3.9,41.37
automobile,Men's Riding Mask Balaclava Motorcycle Mask,Men's,3140.0,15300.0,3.7,79.48
automobile,"Multi-Function Car Armrest Pad with built-in cup holder, tissue box & phone pocket!",Multi-Function,28993.0,34760.0,5.0,16.59
automobile,Multifunctional 100% Polyester Microfiber Cycling Headwear - Breathable & Versatile,Multifunctional,2982.0,6794.0,3.4,56.11
automobile,5-seat universal car all-around seat set,5-seat,137586.0,181700.0,1.0,24.28
automobile,Car Modification Turbo Whistle-S,Car,16000.0,20800.0,,23.08
automobile,Peaks 3000W DC12V-AC220V Modified Sine Wave Inverter,Peaks,24315.0,46010.0,3.8,47.15
automobile,"Share this product    I9 Voice Changer Set with mic and jack, DC 5V I9 Multifunction Voice Changer Set Portable Recording Mini Sound Card with 8 Built in Sound Effects for Game Anchor Recording Computer Use",Share,37999.0,100000.0,2.0,62.0
automobile,Universal Steering Wheel Lock Anti-Theft Device - Black,Universal,13045.0,35243.0,4.5,62.99
automobile,Digital Car Charger Ultra Fast 66W Cell Phone Charging,Digital,5281.0,10352.0,4.3,48.99
automobile,1500W Car Inverter With USB Ports - Multipurpose,1500W,11221.0,43000.0,3.9,73.9
automobile,3-Channel HD Dash Cam,3-Channel,57750.0,64350.0,4.5,10.26
automobile,Modified Sine Wave Inverter 4000W Peak DC12V-AC220V,Modified,58120.0,58120.0,3.6,0.0
automobile,"EDYELL Motorcycle helmet Bluetooth earphones, Outdoor Cycling Voice Communication, automatic answering with noise reduction and waterproof",EDYELL,17710.0,20930.0,,15.38
automobile,2 Pcs Rearview Mirror Auxiliary Mirror,2,14839.0,18403.0,4.3,19.37
automobile,20M RGB Bluetooth Control LED Strip Lights 12V USB Color Changing TV PC Back Light,20M,13846.0,15040.0,3.8,7.94
automobile,Car Universal Holder Car Phone Phone Holder Stand Dashboard Mount (kk),Car,4590.0,4590.0,3.8,0.0
automobile,Mateamoda Car Vacuum Cleaner,Mateamoda,6990.0,6999.0,3.7,0.13
automobile,Rotational Desktop Phone Stand Holder- Black,Rotational,2990.0,10000.0,4.1,70.1
automobile,Cycling Full Face Mask Sunshade Cover Cap Headscarf Band,Cycling,3383.0,6699.0,4.3,49.5
automobile,300W High Power Portable Cordless High Pressure Multi Purpose Car Washer 48V- Double Batteries,300W,23886.0,74400.0,3.3,67.9
automobile,High Power Portable Cordless High Pressure Multi Purpose Car Washer 48VH 15000mah - Double Batteries,High,44500.0,44500.0,3.7,0.0
automobile,Cycling Full Face Mask Sunshade Cover Cap Headscarf Band Grey,Cycling,5425.0,10540.0,5.0,48.53
automobile,"Jump (800AMPS) (4meters Long) Auto Car Battery Start Booster Jump Starter Cable Cord Jumper Wire  For All Cars, Trucks, Buses, Trailers Et",Jump,9950.0,9950.0,3.5,0.0
automobile,Multifunctional Rearview Mirror 360° Car Phone Holder Stand,Multifunctional,3400.0,6500.0,4.0,47.69
automobile,Car Universal Holder Car Phone Holder Stand Mount Stand,Car,5100.0,8900.0,3.9,42.7
automobile,Car Modification Turbo Whistle-L,Car,17996.0,20150.0,,10.69
automobile,"Portable Car Tyre Inflator & Air Compressor, LED Light - 12V Electric Pump",Portable,17380.0,24332.0,4.2,28.57
automobile,"Holder Portable Phone Holder Mobile IPhone, Smart Phones(Long)",Holder,2999.0,5500.0,3.8,45.47
automobile,Flexible Led Strip Motorcycle Tail Stop Light,Flexible,1391.0,2046.0,4.1,32.01
automobile,Wireless USB Bluetooth Mp3 Mp4 Audio Receiver Transmitter,Wireless,3800.0,9500.0,4.0,60.0
automobile,Universal Steering Wheel Lock Anti-Theft Device - Black,Universal,10035.0,31000.0,4.6,67.63
automobile,Eco Economy Fuel Saver OBD OBD Tuning Box Chip For Petrol,Eco,13999.0,18000.0,3.3,22.23
automobile,Body Mini Digital HD Camera Magnetic Motion Snapshot - 1080P,Body,16900.0,16900.0,3.9,0.0
automobile,Rechargeable Cordless High Pressure Multi-purpose Car Washer - Double Batteries,Rechargeable,44500.0,44500.0,4.0,0.0
automobile,1500W Car Inverter With USB Ports- Multipurpose,1500W,13500.0,13500.0,4.3,0.0
automobile,Home & Kitchen Portable Fan Air Conditioners USB Electric Fan LED Night Light Water Mist Fun 3 In 1 Air Humidifie For Home Car Mini Fan,Home,18000.0,18000.0,2.0,0.0
automobile,BOMGE Wireless Interview Microphone Adapter-Compatible With Mic,BOMGE,6600.0,8522.0,4.6,22.55
automobile,Car Security Anti Theft Brake Clutch Pedal Lock,Car,10500.0,15000.0,4.4,30.0
automobile,Cordless Power  Washer 300W High Power With 5in1 Nozzles,Cordless,35547.0,75334.0,3.8,52.81
automobile,Bluetooth Control Smart Light Bulb LED Lamp Dimmable,Bluetooth,4650.0,9889.0,4.0,52.98
automobile,Cellphone Holder Rectangle Silicone Suction Cup Phone Mount Mini Suction Sticker Mount Car Navigation Bracket Mobile Phones Stand,Cellphone,2250.0,10000.0,4.3,77.5
automobile,Bsddp Motorcycle Riding  Rider Anti-slip Anti-drop,Bsddp,6735.0,15402.0,4.2,56.27
automobile,"OBD2 Scanner Check Engine Code Reader With Reset, Battery Tester, Clear Fault Error Codes,Car OBDII Scanner Diagnostic Tool For Vehicle/Car Scanner/Car Diagnostic Scanner",OBD2,18500.0,32500.0,5.0,43.08
automobile,12V/6A Smart Car Truck Battery Charger with LCD Display Charger,12V/6A,14974.0,27650.0,4.7,45.84
automobile,Skull Cycling Dustproof Breathable Face Mask,Skull,6700.0,6700.0,4.0,0.0
automobile,"Waterproof transparent sealant for swimming pool, bathroom leaks, floors, walls, wood | Marine coat - 500ml",Waterproof,15000.0,17000.0,4.1,11.76
automobile,Mniboom Bluetooth Speaker Car Bluetooth Mp3 Player/ FM Transmitter Car Phone Charger With TF Card Slot Blue Tooth With Type C (P18),Mniboom,8890.0,8890.0,3.9,0.0
automobile,5pcs 30*70CM Super Absorbent Car Wash Towel For All Cars,5pcs,3354.0,13904.0,4.3,75.88
automobile,Digital Car Charger Ultra Fast 120W Cell Phone Charging,Digital,1963.0,11850.0,5.0,83.43
automobile,Car Aromatherapy Pendant -Volkswagen,Car,13008.0,28000.0,5.0,53.54
automobile,1080P HD Night Vision Dash Car Camera Front & Inside Rear Camera Driving Recorder,1080P,11659.0,19143.0,3.7,39.1
automobile,ABS Eco Obd Obd2 Universal Benzine Economy Saver Tuning box Chip Device For Petrol Car Gas Saving,ABS,16900.0,20000.0,3.8,15.5
automobile,Outdoor Bicycle Motorcycle Windproof Sunscreen Dust Mask,Outdoor,4995.0,7500.0,3.9,33.4
automobile,Peaks 3000W Modified Sine Wave Power Inverter – 12V DC to 220V AC with Dual USB Ports,Peaks,24800.0,30000.0,4.3,17.33
automobile,"addigoes Face Mask, Cover, Ski Mask for Men Women, UV Protection Windproof Scarf for Motorcycle, Snowboard, Cycling, Climbing, Desert hiking, Fishing, Cable work",addigoes,4814.0,12338.0,,60.98
automobile,Intelligent Fast Pulse Car Battery Charger 12v/24v,Intelligent,34720.0,56854.0,3.9,38.93
automobile,Car Sunshade Front Windshield Sunscreen Heat Insulation Sunshade Blocking Plate Blackout Curtain Gear Car Interior Windshield Small Car Cover Umbrella,Car,16725.0,47400.0,2.8,64.72
automobile,Mniboom Bluetooth Speaker T10 CAR CHARGER & BLUETOOTH FM,Mniboom,6999.0,15000.0,4.2,53.34
automobile,15M RGB Bluetooth Control LED Strip Lights 12V USB Color Changing TV PC Back Light,15M,10053.0,12000.0,3.4,16.23
automobile,Sunshine 100W 18V Mono Crystal Solar Panel,Sunshine,28000.0,30000.0,4.1,6.67
automobile,Peaks 3000W DC12V-AC220V Modified Sine Wave Inverter,Peaks,25897.0,46810.0,3.8,44.68
automobile,10M Led Strip Light With Control,10M,6952.0,15389.0,,54.82
automobile,"Rally Deionized Water/Distilled Water- 4Litres, Pack Of 2",Rally,10800.0,24000.0,4.7,55.0
automobile,Car Phone Holder Magnetic Suction Holder,Car,9500.0,9700.0,4.8,2.06
pet-supplies,SNIPER BEDBUG KILLER,SNIPER,3500.0,3500.0,3.3,0.0
pet-supplies,TD Cat & Dog Authentic Self Cleaning Slicker Brush,TD,5940.0,6000.0,4.6,1.0
pet-supplies,TD Complete Wet Chicken Jelly Canned Food 85g,TD,2376.0,2800.0,5.0,15.14
pet-supplies,"Vigo Cap Herbal Capsules(SOLUTION FOR: QUICK EJACULATION,",Vigo,4800.0,8000.0,3.5,40.0
pet-supplies,Vitafoam MEMORY PILLOW,Vitafoam,29999.0,29999.0,4.4,0.0
pet-supplies,Premium Comfort Sleep Eye Mask,Premium,1980.0,1980.0,4.5,0.0
pet-supplies,Indoor Collapsible Cage Foldable Metal Pet Dog Cat Kennel size 2,Indoor,50000.0,50000.0,5.0,0.0
pet-supplies,Massage Body Brush Wet Or Dry Brushing Body Exfoliating Bath Brush Natural Bristles Cellulite Shower Brush For Removing Dead Skin Cellulite Lymph Lymphatic Drainage,Massage,5000.0,30000.0,4.4,83.33
pet-supplies,SNIPER BEDBUG KILLER,SNIPER,4500.0,4500.0,3.7,0.0
pet-supplies,Yandou Mini Smoother Clipper - 360° Shaver Rechargeable Clipper - Black/Red,Yandou,9000.0,9500.0,2.0,5.26
pet-supplies,SNIPER Hotshot Multipurpose Killer,SNIPER,2500.0,2500.0,3.7,0.0
pet-supplies,"Washable Pet Pee Pad,Dog Crate Pad,Reusable Dog Toilet Mat Quick Dry Dog Potty Training Mat Waterproof Dog Bed Mat -100*70CM",Washable,9538.0,17050.0,4.5,44.06
pet-supplies,LASA Retractable Dog Lead – Strong & Tangle-Free Design,LASA,9300.0,18600.0,4.4,50.0
pet-supplies,Anti-thrax Flea And Tick Soap Soap,Anti-thrax,3999.0,3999.0,4.5,0.0
pet-supplies,SNIPER Hotshot Multipurpose Killer-500ml,SNIPER,3500.0,3500.0,3.2,0.0
pet-supplies,Solar Powered DC Charging Oxygenator Water Oxygen Pump Pond Aerator Aquarium Air Pump,Solar,37795.0,62915.0,4.2,39.93
pet-supplies,TD Complete Wet Chicken Jelly Cat Canned Food 8×85g,TD,19000.0,21950.0,5.0,13.44
pet-supplies,Derma Derma-Roller Face Hair Removal tool - black,Derma,5500.0,13000.0,2.0,57.69
pet-supplies,Wagg Training Mini Bones With Beef Chicken & Lamb 125g,Wagg,2475.0,2500.0,4.0,1.0
pet-supplies,Reflective Collar Cats Puppy And Small Dogs With Bell,Reflective,4498.0,4498.0,4.0,0.0
pet-supplies,ERADICATOR DOG SPRAY (TICKS MASSACRE),ERADICATOR,6999.0,10000.0,5.0,30.01
pet-supplies,20 Pcs Stainless Steel Automatic Pig Nipple Drinker,20,19900.0,65000.0,4.8,69.38
pet-supplies,pet electric spray massage comb,pet,47792.0,53136.0,,10.06
pet-supplies,TD Harness With Bow Tie And Leash Set With Bell - Blue,TD,11200.0,11200.0,5.0,0.0
pet-supplies,Inflatable Relaxing Sofa Chair With Electric Pump,Inflatable,38000.0,45000.0,5.0,15.56
pet-supplies,TD Eco Cat Litter Scoop Green,TD,2900.0,2900.0,5.0,0.0
pet-supplies,Nail Cutter For Dog Dogs And Cats,Nail,3500.0,3500.0,1.0,0.0
pet-supplies,1 Set Temporary Dental Restoration Kit Upper Lower False Teeth,1,13900.0,13900.0,,0.0
pet-supplies,Metal Warning Guard Dog Sign,Metal,8250.0,8250.0,,0.0
pet-supplies,TD Dog Premium Cookie Biscuit Mixed Flavored Treat 450g,TD,6500.0,6500.0,,0.0
pet-supplies,TD Dog Training Treat,TD,4000.0,4000.0,,0.0
pet-supplies,"SXCHEN Pet Hair Removal Brush, Cat And Dog Bathing Supplies, Gloves, Comb, Pet Cleaning Gloves - Right Hand",SXCHEN,2868.0,8060.0,,64.42
pet-supplies,Strong Collapsible Animal Cage For Many Dog Breeds,Strong,99999.0,150000.0,3.9,33.33
pet-supplies,TD Dog Chicken Snacks Treat 250g,TD,4000.0,4000.0,3.5,0.0
pet-supplies,Ximonth Cataract Removal Eye Drop Improve Blurred Vision Restore Eyesight-Restore,Ximonth,9000.0,15000.0,4.5,40.0
pet-supplies,Dog Cat Food Bowl Water Dispenser ( Bottle Not Included),Dog,4500.0,4500.0,5.0,0.0
pet-supplies,Chain Link Dog Leash Dog Chain And Collar 3mm Thickness,Chain,10500.0,10500.0,5.0,0.0
pet-supplies,Whiskas Kitten Mixed Wet Cat Food Pouches In Jelly 12x85g,Whiskas,28975.0,28975.0,5.0,0.0
pet-supplies,TD 3 In 1 Pet Grooming Wash Brush Dog & Cat,TD,4500.0,5500.0,5.0,18.18
pet-supplies,BOOSTER PUPPY DOG FOOD,BOOSTER,70000.0,70000.0,,0.0
pet-supplies,"3pcs Bone-Shaped Dog Chew Toys, Promotes Dental Health - Rubber Toothbrush Stick, Ideal for Small and Big  Dogs.",3pcs,8700.0,8700.0,,0.0
pet-supplies,Solar Pump Machine (0.5hp),Solar,306002.0,1290000.0,1.0,76.28
pet-supplies,Hamid Dog And Cat Perfume Spray Deodorizer,Hamid,6498.0,6498.0,4.7,0.0
pet-supplies,PEARLZIE Fluralaner Chewable Flea & Tick Tablets 112.5mg 2-4.5kg Toy,PEARLZIE,13000.0,40000.0,5.0,67.5
pet-supplies,"High Power JUMP STARTER KIT And POWER BANK For Cars, Laptop & Mobile Devices - Emergency Car Battery 50800mAH 12V ULTRASAFE LITHIUM - Torch Light- MULTI FUNCTIONAL",High,50000.0,50000.0,4.3,0.0
pet-supplies,TD Kitten Teaser Feathers with Edible Catnip Ball Toy,TD,8750.0,8750.0,5.0,0.0
pet-supplies,1L Acrylic Juice Milk Carton Bottle Transparent Reusable Water Drink Bottle with Screw Cap Clear Cute Leakproof Drinking Cup Box Storage Shape.,1L,8500.0,8500.0,,0.0
pet-supplies,"Phectox Ticks And Flies Care Combo. Powder, Soap, Wound Healing Oil And Deodorant.",Phectox,15000.0,15000.0,4.3,0.0
pet-supplies,Flea Doctor lice removal comb for dogs and cats,Flea,6980.0,6980.0,,0.0
pet-supplies,Eagle Merrypet Dewormer For Dogs,Eagle,8500.0,8500.0,5.0,0.0
pet-supplies,TD Cat & Dog Authentic Self Cleaning Slicker Brush,TD,6000.0,6000.0,5.0,0.0
pet-supplies,Ear Tag Applicators For Livestock,Ear,18000.0,18000.0,5.0,0.0
pet-supplies,TD Dog & Cat Ball Rubber Interactive Treat Bite Chew Toy,TD,5950.0,5950.0,,0.0
pet-supplies,5 in 1 Inflatable Relaxing bed Sofa Chair + Foot Rest +  manual  pump black ash  Sofa Chair Big Size,5,51800.0,59400.0,,12.79
pet-supplies,TD Semi Cat Litter Box - Green,TD,23950.0,23950.0,4.6,0.0
pet-supplies,Balance  Complete And Balanced Dry Dog Food-15kg,Balance,69997.0,79999.0,,12.5
pet-supplies,"BioMatrix Gut Health Wormwood, Black Walnut, Artemisinin, Berberine Sulfate (90 Capsules)",BioMatrix,77999.0,78999.0,,1.27
pet-supplies,Go-Cat Adult Cat Food Chicken And Duck 4kg,Go-Cat,59000.0,70900.0,,16.78
pet-supplies,TD Interactive Cat Laser Pointer 3 In 1 Red,TD,4500.0,4900.0,,8.16
pet-supplies,Reflective Collar For Cat Puppy And Small Dogs With  Bell,Reflective,4500.0,4500.0,4.2,0.0
pet-supplies,TD Dog & Cat Ball Rubber Interactive Treat Bite Chew Toy,TD,5950.0,5950.0,5.0,0.0
pet-supplies,TD  Slip On Rope Training Leash 1x140cm Brown,TD,5100.0,5100.0,,0.0
pet-supplies,TD Catnip Treat,TD,6800.0,6800.0,3.0,0.0
pet-supplies,Flea Doctor Comb Lice Removal For Dogs Or Cats,Flea,9999.0,10000.0,3.7,0.01
pet-supplies,Infant Electric Nail Trimmer,Infant,6499.0,9999.0,4.5,35.0
pet-supplies,Portable Pet Carrier Bag/Cart/Dog Bubble Backpack Transparent Space Capsule Pet Carrier Backpack For Small Dogs Cats Hiking Traveling Backpack/Pets Carrying Bag,Portable,24900.0,34580.0,,27.99
pet-supplies,3D Cut Premium Comfort Sleep Eye Mask,3D,3750.0,5000.0,,25.0
pet-supplies,TD Dog Nylon Leash With Authentic Neoprene Padded Handle 1.5cm Blue,TD,5330.0,5330.0,,0.0
pet-supplies,3D Cut Premium Comfort Sleep Eye Mask,3D,3600.0,5000.0,,28.0
pet-supplies,Kingstone Wireless Doorbell Alarm Door Bell + Ringer + Receiver ORIGINAL,Kingstone,9990.0,11000.0,,9.18
pet-supplies,Zito Cod Liver oil for dogs and cats,Zito,9000.0,9000.0,,0.0
pet-supplies,Pet Dog Cage Cover Oxford Dustproof Waterproof Outdoor Foldable Small Medium Large Kennel Accessory Products-Gray,Pet,80900.0,139482.0,,42.0
pet-supplies,1Pc Pet Hair Brush Handheld Slicker Comb Dog Cat,1Pc,5150.0,9064.0,4.5,43.18
pet-supplies,TD - Tabs Dog Multivitamin Supplement Mineral 100 Chewable,TD,8500.0,8500.0,3.7,0.0
pet-supplies,Balance Puppy Crunchy Dog Food - 5Kg,Balance,35550.0,35550.0,5.0,0.0
pet-supplies,Incubator Thermometer And Hygrometer,Incubator,5850.0,12850.0,4.5,54.47
